,5.07,-0.8,1.8,0.36,-0.35,0.25,Index,D12,E12,b/m,tbl,AAA,BAA,lty,ntis,Rfree,infl,ltr,corpr,svar,csp,CRSP_SPvw,CRSP_SPvwx,5.07_zscore,-0.8_zscore,1.8_zscore,0.36_zscore,-0.35_zscore,0.25_zscore
0,-1.57,-0.52,0.13,-0.71,0.29,0.27,71.7,2.21,3.96,0.547223625,0.0338,0.0431,0.0484,0.041,0.010313262,0.002816667,0.0,0.0004,-0.0023,0.000329888,-0.001524392,-0.010402,-0.011579,-0.47980984562547274,-0.24926391911023082,-0.061784202745556446,-0.44250995445047503,0.005761276054885725,-0.4118690676374667
1,2.53,-1.39,-0.1,2.8,-2.01,0.29,74.01,2.23333,3.98,0.530964077,0.0345,0.0432,0.0483,0.0415,0.010279966,0.002875,0.003257329,-0.0026,0.0049,0.000503543,-0.001756359,0.034825,0.03329,0.4543427612779399,-0.5381650406582451,-0.14383244192286357,1.1691339994427683,-1.1590803377469723,-0.33617965898640595
2,-0.85,-0.88,1.75,-0.51,2.24,0.27,73.23,2.25667,4.0,0.534296221,0.0352,0.0433,0.0484,0.0414,0.006012545,0.002933333,0.0,0.0051,0.0015,0.00311016,-0.001757576,-0.004487,-0.011085,-0.31576353416926367,-0.3688092107852712,0.5161207862424327,-0.3506783901260737,0.993344383408635,-0.4118690676374667
3,1.83,-2.1,-0.02,0.03,-0.07,0.29,75.02,2.28,4.02,0.525591454,0.0352,0.0435,0.0485,0.0417,0.008954678,0.002933333,0.003246753,-0.0006,-0.0034,0.00027358,-0.001496869,0.026065,0.024651,0.29485329180662556,-0.7739349214617972,-0.11529392394814804,-0.10273316645019008,-0.17656175914888333,-0.33617965898640595
4,2.24,0.13,1.48,0.17,1.47,0.3,77.04,2.29667,4.07333,0.510606871,0.0352,0.0439,0.0483,0.0421,0.014293524,0.002933333,0.0,-0.0014,0.0087,0.000183339,-0.001727961,0.027391,0.026373,0.38826855249696685,-0.03341825358585223,0.4198032880777679,-0.03845107142310914,0.6033756692227955,-0.29833495466087545
5,1.54,0.28,2.81,-0.05,0.91,0.26,77.8,2.31333,4.12667,0.501162297,0.0353,0.0436,0.0483,0.0424,0.017407873,0.002941667,0.0,-0.0011,0.0054,7.17e-05,-0.001488416,0.017015,0.012171,0.22877908302565247,0.01639228461208129,0.8942561494074134,-0.13946579217995062,0.3197620589058214,-0.4497137719629973
6,1.41,1.23,3.4,-2.21,3.22,0.31,78.98,2.33,4.18,0.523675442,0.0354,0.0438,0.0483,0.0424,0.017783196,0.00295,0.0,0.0037,-0.0062,0.000114717,-0.001857946,0.017232,0.015814,0.19915961012383693,0.33185902653232685,1.1047277194709402,-1.131246686883485,1.4896682014633398,-0.26049025033534495
7,0.1,-1.52,-0.67,-1.27,-1.08,0.29,79.46,2.34667,4.23,0.525303107,0.0347,0.044,0.0485,0.0423,0.020767958,0.002891667,0.0,0.0047,0.004,0.000254751,-0.001983503,0.006192,0.005297,-0.09931353988676561,-0.5813341737631209,-0.3471693824927116,-0.6996383345587988,-0.6880791634705689,-0.33617965898640595
8,1.42,-0.63,1.86,-0.16,0.17,0.26,80.37,2.36333,4.28,0.51903578,0.0348,0.0441,0.0485,0.0422,0.021179272,0.0029,0.0,0.005,0.0057,0.000225772,-0.001928923,0.016815,0.01146,0.20143803111628428,-0.2857916471220487,0.5553612484576667,-0.18997315255837133,-0.055013069013037284,-0.4497137719629973
9,1.27,0.29,0.62,-0.28,-0.17,0.3,81.69,2.38,4.33,0.512206855,0.0348,0.0441,0.0485,0.0419,0.020502939,0.0029,0.003236246,0.0069,0.0048,0.000397862,-0.00198863,0.018084,0.016779,0.1672617162295741,0.01971298715861017,0.11301421984957609,-0.24507209115301218,-0.2272070467054859,-0.29833495466087545
10,1.74,0.5,0.75,0.08,1.91,0.3,83.18,2.4,4.37667,0.506360718,0.0346,0.044,0.0483,0.0421,0.021312605,0.002883333,0.003225806,0.0008,0.0052,0.000198899,-0.002237911,0.01891,0.017953,0.2743475028745994,0.0894477406357171,0.15938931155848882,-0.07977527536908974,0.8262149344718466,-0.29833495466087545
11,-1.44,0.41,0.08,0.12,0.35,0.28,81.83,2.42,4.42333,0.507942944,0.035,0.0441,0.0482,0.0423,0.020696583,0.002916667,-0.003215434,0.002,0.0037,0.000425926,-0.001872056,-0.011621,-0.016285,-0.45019037272365714,0.05956141771695698,-0.07962077647975363,-0.061408962504209484,0.036148448588847235,-0.3740243633119362
12,2.69,-0.34,1.7,-0.56,0.62,0.28,84.18,2.44,4.47,0.486537121,0.0353,0.0442,0.0482,0.0421,0.020403063,0.002941667,0.003225806,0.005,0.0021,0.000170494,-0.001953168,0.030399,0.029022,0.4907974971570975,-0.1894912732727106,0.49828421250823557,-0.37363628120717407,0.17289072499167404,-0.3740243633119362
13,0.59,0.87,1.17,-0.43,0.47,0.29,84.86,2.46,4.49667,0.487813259,0.0357,0.0442,0.0481,0.0421,0.02011571,0.002975,0.0,0.0043,0.005,0.000187051,-0.002225736,0.008745,0.007566,0.012329088743154427,0.21231373485728644,0.30921653092574525,-0.31394576439631317,0.09692279365677026,-0.33617965898640595
14,0.0,-0.15,-1.96,0.63,-0.26,0.29,84.42,2.48,4.52333,0.486503775,0.0364,0.0443,0.0481,0.0422,0.019166391,0.003033333,0.003215434,0.0017,-0.0004,0.000212882,-0.002480246,0.001598,-0.004588,-0.12209774981123908,-0.12639792488866144,-0.8073529848349993,0.1727615265230139,-0.2727878055064281,-0.33617965898640595
15,0.03,-0.69,-2.48,1.07,-1.5,0.31,84.75,2.5,4.55,0.4872273,0.0384,0.0444,0.0481,0.0423,0.023094426,0.0032,0.0,0.003,0.0088,0.000351216,-0.002380573,0.005228,0.003803,-0.11526248683389703,-0.3057158624012221,-0.9928533516706501,0.37479096803669687,-0.9007893712082994,-0.26049025033534495
16,3.54,2.44,0.12,0.91,0.1,0.28,87.56,2.51667,4.59333,0.471723191,0.0381,0.0443,0.048,0.0422,0.017902888,0.003175,0.0,0.004,0.0081,0.000165822,-0.002200744,0.034791,0.033837,0.684463281515122,0.7336640346623238,-0.06535151749239589,0.30132571657717583,-0.09046477030265905,-0.3740243633119362
17,0.44,3.31,0.11,0.23,-0.68,0.3,87.43,2.53333,4.63667,0.471399478,0.0393,0.0441,0.0478,0.0424,0.014822357,0.003275,0.0,0.0014,0.0009,0.000393197,-0.002201776,0.003746,-0.000853,-0.021847226143555783,1.0225651562103382,-0.06891883223923533,-0.010901602125788746,-0.48549801324415875,-0.29833495466087545
18,-1.34,2.12,1.03,-0.32,0.69,0.36,86.16,2.55,4.68,0.469489905,0.0393,0.0442,0.0478,0.0422,0.019133363,0.003275,0.003205128,0.0054,0.0012,0.000144621,-0.002137368,-0.012213,-0.013685,-0.4274061627991837,0.6274015531733991,0.25927412446999315,-0.2634384040178924,0.2083424262812958,-0.07126672870769263
19,3.11,1.05,0.66,0.3,-2.2,0.31,89.11,2.57,4.73333,0.452559335,0.0393,0.0443,0.048,0.0422,0.014721687,0.003275,0.003194888,0.0036,0.0021,0.000162754,-0.002142974,0.035612,0.034769,0.586491178839886,0.2720863806948066,0.12728347883693386,0.021239445387751712,-1.2553063841045171,-0.26049025033534495
20,-0.77,0.1,-1.61,-0.45,0.53,0.31,88.42,2.59,4.78667,0.454664285,0.0389,0.0444,0.0481,0.0423,0.016244164,0.003241667,0.0,0.0018,-0.0008,0.000333771,-0.002565615,-0.003122,-0.008354,-0.2975361662296849,-0.04338036122543894,-0.6824969686956189,-0.3231289208287533,0.1273099661907318,-0.26049025033534495
21,-5.51,-4.28,0.59,0.22,0.37,0.35,84.12,2.61,4.84,0.480858956,0.038,0.0446,0.0485,0.0423,0.017550279,0.003166667,0.006369427,0.0047,0.0003,0.001829379,-0.00238082,-0.04688,-0.048367,-1.3775077166497276,-1.4978480766050974,0.10231227560905776,-0.015493180342008816,0.04627750610016775,-0.10911143303322314
22,1.43,1.08,2.2,-1.37,0.03,0.31,85.25,2.62667,4.88667,0.473382176,0.0384,0.0448,0.0488,0.0424,0.015626611,0.0032,0.0,0.0022,0.0019,0.000521856,-0.001918184,0.014486,0.013678,0.20371645210873163,0.28204848833439333,0.6766499498502077,-0.7455541167209995,-0.1259164715922808,-0.26049025033534495
23,2.73,2.71,-1.0,1.9,-0.74,0.33,87.17,2.64333,4.93333,0.467360878,0.0384,0.0449,0.0488,0.0428,0.015600331,0.0032,0.0,-0.0013,-0.0006,0.000107532,-0.001735749,0.02756,0.022473,0.49991118112688687,0.8233230034186041,-0.4648907691384131,0.7558919599829623,-0.5158851857781203,-0.18480084168428393
24,2.86,0.62,-0.13,-0.89,0.8,0.31,89.96,2.66,4.98,0.448537471,0.0392,0.0452,0.0491,0.0433,0.016894554,0.003266667,0.0,-0.0034,-0.0015,0.000299084,-0.001395145,0.033366,0.032034,0.5295306540287024,0.1292961711940639,-0.15453438616338186,-0.5251583623424362,0.2640522425935586,-0.26049025033534495
25,2.6,3.47,1.56,1.17,-0.65,0.31,92.42,2.68,5.05,0.434420599,0.0403,0.0456,0.0493,0.0433,0.017463381,0.003358333,0.003164557,0.0027,0.0046,0.000188383,-0.000998554,0.028812,0.027737,0.4702917082250714,1.0756963969548008,0.4483418060524834,0.4207067501988975,-0.47030442697717795,-0.26049025033534495
26,-0.03,5.19,0.15,-1.01,-0.94,0.35,91.61,2.7,5.12,0.440895311,0.0409,0.046,0.0495,0.0441,0.020762578,0.003408333,0.0,-0.0062,-0.0057,0.000141427,-0.00101973,-0.003821,-0.010306,-0.12893301278858113,1.646857234957772,-0.05464957325187757,-0.5802573009370771,-0.6171757608913252,-0.10911143303322314
27,1.01,2.66,2.03,-1.14,-0.53,0.33,92.43,2.72,5.19,0.430637806,0.0438,0.0468,0.0502,0.045,0.020837183,0.00365,0.003154574,-0.0078,-0.0149,0.000301365,-0.000812887,0.010349,0.009059,0.10802277042594305,0.8067194906859597,0.616005599153937,-0.6399478177479379,-0.40953008190925494,-0.18480084168428393
28,0.72,4.68,3.56,-2.82,-0.11,0.38,92.88,2.74,5.24,0.424398328,0.0459,0.0474,0.0506,0.0457,0.020278297,0.003825,0.0,-0.0104,0.0022,0.000151802,-0.000539762,0.005705,0.004874,0.04194856164496995,1.4775014050847977,1.1618047554203714,-1.411332958072909,-0.19681987417152433,0.004422679943368378
29,-1.21,4.71,0.33,-0.17,-1.49,0.35,91.22,2.76,5.29,0.438496045,0.0465,0.0478,0.0512,0.0477,0.020025631,0.003875,0.006289308,-0.025,-0.0113,0.000337065,-0.000793696,-0.01275,-0.017548,-0.39778668989736815,1.4874635127243845,0.00956209219123235,-0.1945647307745914,-0.8957248424526392,-0.10911143303322314
30,-2.51,0.32,-1.98,1.3,0.06,0.38,89.23,2.78,5.34,0.490175936,0.0459,0.0492,0.0532,0.046,0.016787641,0.003825,0.003125,0.0296,-0.0059,0.000931034,-0.000488877,-0.023041,-0.024608,-0.6939814189155233,0.029675094798196883,-0.8144876143286781,0.4803972670097584,-0.11072288532530006,0.004422679943368378
31,2.14,3.35,-0.46,0.39,-0.95,0.34,91.06,2.79667,5.38,0.485498244,0.0462,0.0496,0.0541,0.0467,0.015635673,0.00385,0.00623053,-0.0063,0.0013,0.000351263,-0.000776857,0.022158,0.02125,0.36548434257249335,1.035847966396454,-0.27225577280908336,0.06256364933373232,-0.6222402896469855,-0.14695613735875343
32,-5.66,-5.1,-1.63,1.64,-1.52,0.41,86.13,2.81333,5.42,0.512742204,0.0464,0.0498,0.0548,0.0473,0.015944913,0.003866667,0.0,-0.0059,-0.0026,0.001935492,-0.000420746,-0.04914,-0.054645,-1.4116840315364378,-1.7701456854204671,-0.6896315981892978,0.6365109263612406,-0.9109184287196199,0.11795679291995968
33,-1.44,1.37,0.5,0.15,0.78,0.38,84.74,2.83,5.46,0.520974601,0.045,0.0507,0.0558,0.0477,0.017122262,0.00375,0.003095975,-0.0016,0.003,0.000501212,-0.000666016,-0.01438,-0.015904,-0.45019037272365714,0.3783488621837315,0.07020644288750282,-0.047634227855549285,0.2539231850822381,0.004422679943368378
34,-1.63,-0.41,0.95,-0.36,1.79,0.35,83.6,2.85,5.47667,0.534943001,0.048,0.0516,0.0568,0.0482,0.01864057,0.004,0.00308642,-0.0037,-0.0098,0.001013784,-0.001022473,-0.012129,-0.013039,-0.49348037158015673,-0.21273619109841288,0.2307356064952776,-0.28180471688277264,0.7654405894039236,-0.10911143303322314
35,-7.91,-3.12,0.43,-0.09,0.8,0.41,77.1,2.87,5.49333,0.574954656,0.0496,0.0531,0.0583,0.0499,0.021469536,0.004133333,0.006153846,-0.0206,-0.0259,0.003165255,-0.001167014,-0.07165,-0.077487,-1.9243287548370913,-1.112646581207745,0.04523523965962674,-0.1578321050448309,0.2640522425935586,0.11795679291995968
36,-1.06,-1.14,0.56,-1.68,2.37,0.4,76.56,2.89,5.51,0.585492496,0.0537,0.0549,0.0609,0.048,0.016983868,0.004475,0.0,0.0332,0.0078,0.001600328,-0.001706522,-0.006244,-0.007692,-0.36361037501065796,-0.4551474769950226,0.09161033136853947,-0.8878930414238214,1.0591832572322182,0.08011208859442938
37,3.86,-6.45,2.69,-3.48,4.25,0.45,80.2,2.88333,5.52333,0.561661318,0.0535,0.0541,0.061,0.0467,0.015183575,0.004458333,0.006116208,0.0228,0.0261,0.002546772,-0.001371626,0.048333,0.047244,0.7573727532734371,-2.2184405292018687,0.8514483724453401,-1.7143771203434335,2.0113146632963455,0.2693356102220817
38,1.4,3.34,-4.69,4.13,-6.62,0.4,80.45,2.87667,5.53667,0.57264493,0.0532,0.0535,0.0613,0.048,0.017549156,0.004433333,0.0,-0.0148,-0.002,0.000774402,-0.001140659,0.011223,0.003741,0.19688118913138958,1.0325272638499248,-1.7812299107221665,1.7798139022000372,-3.4938280941063486,0.08011208859442938
39,0.13,2.02,-1.19,0.7,-0.34,0.4,80.33,2.87,5.55,0.576945106,0.0496,0.0539,0.0618,0.0455,0.017207926,0.004133333,0.0,0.0413,0.0201,0.00062696,-4.99e-05,0.000326,-0.001089,-0.09247827690942356,0.59419452770811,-0.5326697493283624,0.20490257403655435,-0.31330403555171016,0.08011208859442938
40,8.15,9.1,2.27,0.96,-3.16,0.43,86.61,2.88,5.51667,0.533363141,0.0472,0.052,0.0597,0.0448,0.015697792,0.003933333,0.0,0.0154,0.045,0.000733477,0.000249178,0.079215,0.077723,1.7348153590333495,2.9452519306505716,0.7016211530780836,0.3242836076582761,-1.7415011446479014,0.1936462015710207
41,0.78,3.06,-2.22,1.99,-0.99,0.36,86.78,2.89,5.48333,0.540047893,0.0456,0.0503,0.0582,0.0465,0.017701209,0.0038,0.0,-0.0221,-0.0201,0.0004124,0.000555256,0.007514,0.00242,0.055619087599654046,0.9395475925471157,-0.9001031682528248,0.7972161639289429,-0.6424984046696265,-0.07126672870769263
42,3.99,1.87,0.37,0.86,-1.6,0.39,90.2,2.9,5.45,0.549550798,0.0426,0.0513,0.0585,0.0455,0.014921684,0.00355,0.003039514,0.0198,0.0117,0.000501141,0.000718071,0.041137,0.039544,0.7869922261752528,0.5443839895101765,0.0238313511785901,0.27836782549607547,-0.951434658764902,0.04226738426889888
43,3.89,0.43,-2.48,2.33,-3.67,0.32,94.01,2.9,5.41,0.530516694,0.0384,0.0511,0.0583,0.0477,0.015046356,0.0032,0.003030303,-0.0291,-0.0071,0.000837117,0.000583468,0.043371,0.042544,0.7642080162507793,0.06620282281001479,-0.9928533516706501,0.9533298232804253,-1.9997921111865742,-0.22264554600981443
44,-4.33,2.29,1.09,-1.73,1.73,0.33,89.08,2.9,5.37,0.558201182,0.036,0.0524,0.0596,0.0482,0.01146467,0.003,0.003021148,-0.0039,-0.0254,0.000890352,0.001362968,-0.04681,-0.052314,-1.1086540395409408,0.6838534964643903,0.2806780129510298,-0.9108509325049218,0.7350534168699621,-0.18480084168428393
45,2.41,6.43,0.85,-0.62,-2.42,0.27,90.64,2.9,5.33,0.553204845,0.0354,0.0544,0.0615,0.0507,0.010153386,0.00295,0.003012048,-0.0312,-0.0223,0.001070719,0.001729455,0.019319,0.018015,0.42700170936857174,2.058624350727355,0.19506245902688316,-0.4011857505044944,-1.3667260167290427,-0.4118690676374667
46,4.58,3.54,2.73,0.48,2.7,0.31,94.75,2.90667,5.32,0.526298328,0.0421,0.0558,0.0626,0.0505,0.006687535,0.003508333,0.003003003,0.0068,0.0041,0.000218442,0.001654099,0.046454,0.045623,0.9214190647296462,1.098941314780503,0.8657176314326979,0.10388785327971291,1.2263127061690065,-0.26049025033534495
47,-0.89,0.72,1.44,0.3,1.45,0.31,93.64,2.91333,5.31,0.528020948,0.0427,0.0562,0.0633,0.0514,0.005841837,0.003558333,0.002994012,-0.0084,-0.0007,0.00029662,0.002082412,-0.006824,-0.012197,-0.32487721813905307,0.1625031966593529,0.40553402909041014,0.021239445387751712,0.593246611711475,-0.26049025033534495
48,3.11,2.44,-2.5,0.2,-0.95,0.32,96.71,2.92,5.3,0.513564846,0.0442,0.0565,0.064,0.0517,0.005600204,0.003683333,0.002985075,-0.0004,0.0094,0.000358545,0.002264023,0.033815,0.032597,0.586491178839886,0.7336640346623238,-0.999987981164329,-0.024676336774448946,-0.6222402896469855,-0.22264554600981443
49,-3.09,0.53,-3.3,1.01,-2.62,0.39,93.9,2.92,5.31,0.540955282,0.0456,0.0582,0.0652,0.0549,0.00371557,0.0038,0.00297619,-0.04,-0.0281,0.000444914,0.002294072,-0.027448,-0.028701,-0.8261298364774695,0.0994098482753038,-1.285373160911484,0.34724149873937643,-1.4680165918422479,0.04226738426889888
50,0.37,-0.04,-1.7,1.34,-2.34,0.36,94.0,2.92,5.32,0.543382697,0.0473,0.0607,0.0672,0.0567,0.002773332,0.003941667,0.002967359,-0.0196,-0.0272,0.00095478,0.002849315,0.006435,0.000533,-0.03779617309068722,-0.08987019687684354,-0.7146028014171739,0.49876357987463865,-1.3262097866837605,-0.07126672870769263
51,3.05,5.75,-0.53,-0.81,0.13,0.33,96.47,2.92,5.33,0.525792445,0.0497,0.0619,0.0693,0.0556,0.014361073,0.004141667,0.00295858,0.0192,0.0127,0.000270886,0.002952225,0.027079,0.025857,0.5728206528852019,1.8328165775633902,-0.2972269760369594,-0.48842573661267574,-0.0752711840356783,-0.18480084168428393
52,-4.06,4.51,4.8,-4.62,6.46,0.4,92.24,2.93,5.36667,0.556302383,0.05,0.0617,0.0684,0.0536,0.012854154,0.004166667,0.005899705,0.0328,0.0361,0.000483346,0.002504381,-0.041875,-0.043523,-1.047136672744862,1.4210494617938063,1.6041517840284616,-2.237817036992521,3.130575518297261,0.08011208859442938
53,-3.75,-2.91,1.28,-0.16,2.45,0.39,89.36,2.94,5.40333,0.566210589,0.0498,0.061,0.068,0.0542,0.010450728,0.00415,0.002932551,-0.0033,0.0037,0.00082043,0.002556189,-0.0269,-0.031973,-0.9765056219789945,-1.0429118277306382,0.3484569931409791,-0.18997315255837133,1.0996994872775,0.04226738426889888
54,0.2,-1.59,-0.59,1.05,-1.1,0.38,90.2,2.95,5.44,0.566809806,0.0517,0.0611,0.0685,0.056,0.012677156,0.004308333,0.002923977,-0.0212,-0.0197,0.001395506,0.003403219,0.009696,0.008585,-0.07652932996229213,-0.6045790915888232,-0.3186308645179961,0.3656078116042567,-0.6982082209818894,0.004422679943368378
55,9.05,6.18,-1.13,2.69,-3.65,0.43,97.59,2.96333,5.48333,0.522352064,0.0538,0.0621,0.0697,0.0547,0.00814016,0.004483333,0.002915452,0.0227,0.0048,0.001607559,0.00369931,0.084092,0.082642,1.9398732483536105,1.9756067870641327,-0.5112658608473257,1.1186266390643476,-1.9896630536752533,0.1936462015710207
56,2.28,7.0,0.85,0.43,-1.92,0.45,98.68,2.97667,5.52667,0.53003337,0.0566,0.0627,0.0703,0.0547,0.010646413,0.004716667,0.002906977,0.0043,0.0032,0.000386513,0.002964897,0.016374,0.011104,0.3973822364667562,2.2479043958795026,0.19506245902688316,0.08092996219861258,-1.11349957894603,0.2693356102220817
57,0.69,-0.28,0.73,-1.41,2.76,0.43,99.58,2.99,5.57,0.530741813,0.0552,0.0628,0.0707,0.0534,0.012090096,0.0046,0.005797101,0.023,0.0122,0.000499481,0.002626874,0.009916,0.008695,0.0351132986676279,-0.1695670579935372,0.1522546820648099,-0.7639204295858797,1.2566998787029677,0.1936462015710207
58,-2.72,-1.41,5.39,-3.13,3.72,0.48,97.74,3.00333,5.6,0.539637599,0.0531,0.0624,0.0698,0.0517,0.013885435,0.004425,0.005763689,0.0289,0.0341,0.00075662,0.002616385,-0.017444,-0.018664,-0.7418282597569177,-0.544806445751303,1.8146233540919885,-1.5536718827757312,1.7428946392463525,0.382869723198673
59,1.34,2.27,1.01,-0.7,0.48,0.42,98.86,3.01667,5.63,0.5318021,0.0509,0.0602,0.0682,0.052,0.018035051,0.004241667,0.00286533,-0.0003,0.0206,0.000316402,0.002881583,0.016415,0.011259,0.18321066317670553,0.6772120913713325,0.25213949497631427,-0.43791837623425495,0.10198732241243051,0.1558014972454902
60,4.03,2.81,0.3,-1.99,0.87,0.43,102.67,3.03,5.66,0.509195439,0.0519,0.0597,0.0679,0.0531,0.018287028,0.004325,0.002857143,-0.0102,-0.0053,0.000268231,0.002411819,0.039351,0.03821,0.7961059101450422,0.8565300288838932,-0.0011398520492859774,-1.0302319661266435,0.29950394388318036,0.1936462015710207
61,0.42,-0.42,2.86,-1.32,2.7,0.44,103.41,3.04333,5.69333,0.500320247,0.0535,0.0609,0.0684,0.0543,0.019410059,0.004458333,0.005698006,-0.0132,-0.016,0.000268413,0.002547129,0.008587,0.006751,-0.026404068128450482,-0.21605689364494177,0.9120927231416105,-0.7225962256398991,1.2263127061690065,0.2314909058965512
62,5.43,2.39,-0.92,0.43,-2.43,0.42,108.37,3.05667,5.72667,0.483717059,0.0545,0.0619,0.0701,0.0566,0.021188685,0.004541667,0.002832861,-0.0269,-0.0226,0.000262966,0.002462321,0.05358,0.048659,1.1150848490876706,0.7170605219296794,-0.43635225116369764,0.08092996219861258,-1.3717905454847028,0.1558014972454902
63,-3.94,3.52,-0.01,-1.86,1.76,0.43,103.86,3.07,5.76,0.504900662,0.0596,0.0645,0.0723,0.0598,0.031961491,0.004966667,0.002824859,-0.0363,-0.0233,0.000333982,0.002347561,-0.040826,-0.042141,-1.0197956208354941,1.092299909687445,-0.1117266092013086,-0.9705414493157827,0.7502470031369428,0.1936462015710207
64,-1.25,-0.44,1.67,-1.55,1.38,0.53,103.01,3.08,5.78,0.503673167,0.0614,0.0659,0.0732,0.0617,0.036524573,0.005116667,0.002816901,-0.0206,0.0139,0.000606787,0.00219688,-0.007547,-0.008612,-0.40690037386715755,-0.2226982987379996,0.4875822682677172,-0.8282025246129606,0.5577949104218531,0.5720932448263255
65,-5.84,-4.16,0.91,2.07,0.83,0.46,98.13,3.09,5.8,0.52639719,0.0612,0.0666,0.073,0.0618,0.041317412,0.0051,0.005617978,0.0042,-0.016,0.000595574,0.002335729,-0.042321,-0.047384,-1.4526956094004901,-1.4579996460467506,0.21646634750791982,0.8339487896587034,0.27924582886053934,0.3071803145476122
66,2.64,-0.45,-0.51,-1.43,-0.35,0.46,101.51,3.1,5.82,0.557040236,0.0602,0.0685,0.0751,0.062,0.039508092,0.005016667,0.008379888,0.001,-0.02,0.000541617,0.002297385,0.034847,0.033599,0.4794053921948608,-0.22601900128452848,-0.29009234654328053,-0.7731035860183199,-0.31836856430737037,0.3071803145476122
67,1.46,-0.8,-0.03,0.41,0.06,0.53,103.69,3.11,5.82667,0.548422404,0.0611,0.0689,0.0754,0.0593,0.044291034,0.005091667,0.005540166,0.0427,0.0335,0.000550428,0.001884274,0.022771,0.021449,0.21055171508607368,-0.34224359041304003,-0.11886123869498746,0.07174680576617244,-0.11072288532530006,0.5720932448263255
68,-0.1,-0.11,0.7,-0.95,1.39,0.48,103.46,3.12,5.83333,0.555804429,0.0604,0.0679,0.0752,0.0635,0.044005738,0.005033333,0.002754821,-0.049,-0.0227,0.000426897,0.001576849,0.003854,-0.001862,-0.14488195973571255,-0.11311511470254584,0.1415527378242916,-0.5527078316397566,0.5628594391775134,0.382869723198673
69,-7.18,-5.45,-1.08,4.32,-1.6,0.51,97.71,3.13,5.84,0.596777334,0.0644,0.0698,0.077,0.0623,0.045152858,0.005366667,0.005494505,0.0214,0.0035,0.00075224,0.001192764,-0.054357,-0.055686,-1.7580040223884348,-1.8863702745489788,-0.4934292871131286,1.8670538883082186,-0.951434658764902,0.4964038361752645
70,-7.0,-3.41,1.2,1.48,1.91,0.53,91.83,3.13667,5.85667,0.63901799,0.07,0.0708,0.0784,0.0621,0.051160996,0.005833333,0.005464481,0.0079,0.0005,0.0023057,0.001560761,-0.058632,-0.059919,-1.7169924445243825,-1.2089469550570833,0.3199184751662636,0.5630456749017195,0.8262149344718466,0.5720932448263255
71,4.68,0.7,-3.79,1.13,-4.02,0.5,95.51,3.14333,5.87333,0.622788986,0.0698,0.0697,0.0786,0.063,0.046914853,0.005816667,0.005434783,-0.0069,-0.002,0.000918221,0.001476737,0.045728,0.04018,0.9442032746541196,0.1558617915662951,-1.460171583506617,0.40234043733401714,-2.177050617634683,0.458559131849734
72,-2.98,1.29,-3.27,3.39,-0.82,0.62,93.12,3.15,5.89,0.640888463,0.0709,0.0714,0.0805,0.0677,0.04839134,0.005908333,0.002702703,-0.0531,-0.0244,0.000891555,0.002174667,-0.023941,-0.025285,-0.8010672055605487,0.3517832418115003,-1.274671216670966,1.4400371141997523,-0.5564014158234023,0.9126955837560996
73,5.06,3.96,-3.16,0.05,-2.15,0.6,97.24,3.15333,5.85333,0.608768794,0.07,0.0733,0.0822,0.0653,0.048630421,0.005833333,0.005390836,0.0365,0.0127,0.000753723,0.00184468,0.0469,0.044661,1.0307832723671189,1.2384108217347167,-1.2354307544557321,-0.09355001001774996,-1.2299837403262155,0.8370061751050386
74,-3.79,-2.45,-1.19,1.46,0.3,0.52,93.81,3.15667,5.81667,0.641511757,0.0724,0.0735,0.0825,0.0676,0.047904136,0.006033333,0.00536193,-0.0243,-0.0471,0.000509125,0.001540825,-0.029152,-0.034433,-0.9856193059487839,-0.8901595105903087,-0.5326697493283624,0.5538625184692794,0.01082580481054598,0.5342485405007951
75,-2.63,-3.76,-2.86,2.54,-1.81,0.64,92.06,3.16,5.78,0.651082013,0.0782,0.0772,0.0865,0.0687,0.034273783,0.006516667,0.005333333,-0.0068,-0.0134,0.001163582,0.000822252,-0.016922,-0.018365,-0.7213224708248915,-1.3251715441855947,-1.1284113120505488,1.0497529658210467,-1.0577897626337671,0.9883849924071606
76,-8.1,3.12,3.13,-1.72,3.84,0.6,85.02,3.16333,5.73,0.700346746,0.0787,0.0791,0.0886,0.0693,0.034473208,0.006558333,0.00265252,-0.0021,0.0141,0.00106709,0.000907608,-0.075398,-0.076809,-1.9676187536935905,0.9594718078262892,1.0084102213062753,-0.9062593542887017,1.803668984314275,0.8370061751050386
77,5.13,-2.76,3.93,-2.29,2.76,0.62,89.5,3.16667,5.68,0.670147507,0.0713,0.0793,0.0878,0.0651,0.035855217,0.005941667,0.005291005,0.0587,0.0401,0.001058714,0.000378918,0.059521,0.053615,1.0467322193142503,-0.9931012895327045,1.2937954010534307,-1.1679793126132456,1.2566998787029677,0.9126955837560996
78,-1.06,-2.41,3.99,-1.0,4.29,0.57,89.63,3.17,5.63,0.690326769,0.0663,0.0784,0.0863,0.0661,0.035841581,0.005525,0.005263158,-0.0068,-0.0045,0.000963563,-0.000431436,0.002806,0.001232,-0.36361037501065796,-0.8768767004041931,1.3151992895344673,-0.5756657227208569,2.0315727783189863,0.7234720621284471
79,-11.0,-6.4,6.18,-0.64,6.21,0.5,81.52,3.17333,5.59333,0.736750581,0.0651,0.0783,0.087,0.0699,0.035712125,0.005425,0.007853403,-0.0413,-0.025,0.00161469,0.000493994,-0.088831,-0.090035,-2.628360841503322,-2.2018370164692245,2.0964412190923043,-0.4103689069369345,3.003962299405755,0.458559131849734
80,-6.92,-4.48,3.33,-1.21,3.9,0.53,76.55,3.17667,5.55667,0.774227628,0.0684,0.0811,0.0898,0.0743,0.038661028,0.0057,0.002597403,-0.0468,-0.0163,0.008151871,-0.000237626,-0.054689,-0.061112,-1.6987650765848037,-1.5642621275356756,1.0797565162430642,-0.6720888652614784,1.8340561568482368,0.5720932448263255
81,-5.79,-2.2,0.6,0.13,2.96,0.58,72.72,3.18,5.52,0.793381417,0.0668,0.0848,0.0925,0.0709,0.042290748,0.005566667,0.005181347,0.0486,0.0001,0.002651909,-0.000252295,-0.049032,-0.050902,-1.4413035044382534,-0.8071419469270862,0.1058795903558972,-0.056817384287989416,1.357990453816173,0.7613167664539776
82,6.93,-0.62,0.9,-0.26,1.84,0.52,78.05,3.18333,5.46667,0.738707568,0.0645,0.0844,0.094,0.0687,0.043073822,0.005375,0.005154639,0.0319,0.0556,0.002126499,0.00032781,0.075523,0.073219,1.4568479979547728,-0.2824709445755198,0.21289903276108038,-0.23588893472057204,0.7907632331822249,0.5342485405007951
83,4.49,1.52,1.15,0.56,-0.21,0.53,81.52,3.18667,5.41333,0.709278297,0.0641,0.0813,0.0944,0.0694,0.038729253,0.005341667,0.0,-0.0019,0.01,0.001887124,0.001517596,0.049778,0.043782,0.9009132757976201,0.42815940038166495,0.30208190143206637,0.14062047900947347,-0.24746516172812685,0.5720932448263255
84,4.18,8.51,-5.47,0.3,-5.83,0.54,84.21,3.19,5.36,0.71291476,0.0612,0.0809,0.0939,0.068,0.037942419,0.0051,0.005128205,0.0228,0.0139,0.001057986,0.000875697,0.034702,0.033021,0.8302822250317522,2.749330480405366,-2.0594804609756427,0.021239445387751712,-3.0937303224091885,0.6099379491518561
85,-2.28,-4.43,0.22,1.71,2.34,0.46,83.25,3.17333,5.28333,0.717698284,0.0591,0.0803,0.0933,0.0693,0.036962491,0.004925,0.005102041,-0.0109,-0.0096,0.001043412,0.000624019,-0.009032,-0.011639,-0.6415777360892343,-1.5476586148030307,-0.029678370024001487,0.668651973874781,1.0439896709652372,0.3071803145476122
86,4.6,-3.86,1.69,1.57,1.47,0.46,87.2,3.15667,5.20667,0.682920072,0.0528,0.0805,0.0938,0.0637,0.035224928,0.0044,0.005076142,0.0791,0.0584,0.000885428,0.000571135,0.054387,0.048836,0.9259759067145408,-1.3583785696508837,0.4947168977613961,0.6043698788477002,0.6033756692227955,0.3071803145476122
87,5.72,2.94,1.0,0.27,0.3,0.42,92.15,3.14,5.13,0.646426358,0.0487,0.0764,0.0912,0.0648,0.031461707,0.004058333,0.005050505,-0.0084,0.0372,0.000535191,0.001512501,0.058684,0.057358,1.1811590578686437,0.8996991619887689,0.2485721802294748,0.007464710739091524,0.01082580481054598,0.1558014972454902
88,4.84,7.54,1.33,-1.99,0.07,0.38,95.88,3.13,5.16,0.624409902,0.0444,0.0736,0.0874,0.0612,0.03059313,0.0037,0.0,0.0506,0.0532,0.000541037,0.001697625,0.042828,0.0415,0.9806580105332772,2.4272223333920633,0.36629356687517634,-1.0302319661266435,-0.1056583565696398,0.004422679943368378
89,1.41,2.04,-1.23,0.62,-0.7,0.33,96.75,3.12,5.19,0.617070423,0.037,0.0708,0.0839,0.0629,0.025801375,0.003083333,0.002512563,-0.0163,-0.0366,0.000451438,0.001894826,0.013317,0.008152,0.19915961012383693,0.6008359328011679,-0.5469390083157202,0.16816994830679385,-0.4956270707554792,-0.18480084168428393
90,4.13,2.26,-3.95,1.82,-2.71,0.3,100.31,3.11,5.22,0.633811383,0.0338,0.0721,0.0846,0.0593,0.026398845,0.002816667,0.002506266,0.0526,0.0258,0.000492715,0.002105175,0.039068,0.037624,0.8188901200695156,0.6738913888248036,-1.517248619456048,0.7191593342532019,-1.51359735064319,-0.29833495466087545
91,3.15,-0.36,0.69,-1.47,0.87,0.28,103.95,3.10667,5.25333,0.608654101,0.0386,0.0725,0.0845,0.0619,0.026556979,0.003216667,0.0025,-0.0283,-0.0236,0.000307568,0.002043233,0.036965,0.035789,0.5956048628096754,-0.19613267836576836,0.13798542307745215,-0.7914698988832001,0.29950394388318036,-0.3740243633119362
92,-3.98,-1.11,-1.44,1.4,0.25,0.29,99.63,3.10333,5.28667,0.631409656,0.0414,0.0753,0.0862,0.0624,0.029722577,0.00345,0.004987531,-0.0006,-0.0161,0.000539272,0.001824613,-0.03715,-0.042138,-1.0289093048052833,-0.445185369355436,-0.6218526179993484,0.526313049171959,-0.014496838967755273,-0.33617965898640595
93,-0.1,-1.48,-1.87,1.53,-1.64,0.37,99.7,3.1,5.32,0.643221043,0.0475,0.0764,0.0875,0.0641,0.027278498,0.003958333,0.007444169,-0.0159,0.0107,0.000924559,0.001377755,0.002439,0.001061,-0.14488195973571255,-0.5680513635770053,-0.7752471521134443,0.5860035659828199,-0.9716927737875428,-0.03342202438216212
94,-4.5,-1.39,0.02,0.64,1.46,0.4,95.58,3.09667,5.35667,0.667730625,0.054,0.0764,0.0876,0.0643,0.025796321,0.0045,0.002463054,0.003,-0.0025,0.000518435,0.001536027,-0.040827,-0.041901,-1.1473871964125455,-0.5381650406582451,-0.10102466496079027,0.177353104739234,0.5983111404671352,0.08011208859442938
95,3.79,-0.16,2.63,-0.43,2.64,0.47,99.03,3.09333,5.39333,0.638257597,0.0494,0.0759,0.0876,0.061,0.026781963,0.004116667,0.002457002,0.0471,0.0554,0.002451185,0.001428452,0.042036,0.036549,0.7414238063263058,-0.12971862743519036,0.8300444839643034,-0.31394576439631317,1.1959255336350452,0.3450250188731425
96,-0.85,0.28,-2.91,2.56,-1.58,0.37,98.34,3.09,5.43,0.64608483,0.0469,0.0744,0.0859,0.0598,0.027934417,0.003908333,0.0,0.0204,-0.0102,0.000524264,0.001167068,-0.005038,-0.006387,-0.31576353416926367,0.01639228461208129,-1.146247885784746,1.0589361222534868,-0.9413056012535814,-0.03342202438216212
97,-4.42,-1.6,-0.48,1.62,-1.35,0.37,94.23,3.08333,5.52,0.683194279,0.0446,0.0739,0.0848,0.0588,0.029243829,0.003716667,0.00245098,0.0167,0.0282,0.000661946,0.000980804,-0.040129,-0.042015,-1.1291598284729667,-0.6078997941353521,-0.27939040230276224,0.6273277699288006,-0.8248214398733956,-0.03342202438216212
98,-0.46,-2.86,-1.68,2.44,-0.34,0.37,93.99,3.07667,5.61,0.689489258,0.0422,0.0726,0.0838,0.0596,0.02945191,0.003516667,0.0,-0.0047,0.0029,0.001866276,0.00142819,0.002898,-0.002029,-0.22690511546381706,-1.0263083149979935,-0.707468171923495,1.003837183658846,-0.31330403555171016,-0.03342202438216212
99,8.71,3.27,-0.4,-0.4,-1.75,0.37,102.09,3.07,5.7,0.643900247,0.0401,0.0725,0.0838,0.0597,0.034023359,0.003341667,0.004889976,0.0044,0.0223,0.001183026,0.00225388,0.08788,0.086486,1.8624069346104009,1.0092823460242226,-0.2508518843280468,-0.3001710297476529,-1.0274025900998058,-0.03342202438216212
100,2.49,6.1,2.24,-1.69,0.55,0.29,103.94,3.07,5.73667,0.635356973,0.0338,0.0719,0.0823,0.0606,0.033075117,0.002816667,0.0,-0.0063,-0.0033,0.00049422,0.002350457,0.019088,0.017814,0.44522907730815053,1.9490411666919016,0.6909192088375654,-0.8924846196400416,0.1374390237020523,-0.33617965898640595
101,2.87,0.87,-2.79,1.61,-0.52,0.25,106.57,3.07,5.77333,0.617585899,0.032,0.0727,0.0823,0.0602,0.033029779,0.002666667,0.00486618,0.0088,0.0107,0.000284376,0.002295508,0.030221,0.025416,0.5318090750211497,0.21231373485728644,-1.1034401088226728,0.6227361917125804,-0.40446555315359467,-0.4875584762885278
102,0.63,-0.43,-1.61,1.63,-0.18,0.27,107.2,3.07,5.81,0.645901988,0.0373,0.0724,0.0824,0.0613,0.031723183,0.003108333,0.002421308,-0.0082,0.0024,0.000545087,0.002239723,0.007315,0.006132,0.021442772712943828,-0.21937759619147068,-0.6824969686956189,0.6319193481450205,-0.2322715754611461,-0.4118690676374667
103,0.29,0.23,0.12,-0.42,-1.03,0.29,107.67,3.07,5.86333,0.636783802,0.0371,0.073,0.0824,0.0615,0.032491832,0.003091667,0.002415459,0.0027,0.0035,0.000383409,0.002028636,0.005476,0.004658,-0.056023541030266,-0.00021122812056322205,-0.06535151749239589,-0.3093541861800931,-0.6627565196922676,-0.33617965898640595
104,1.25,-3.1,-2.7,2.34,-1.95,0.3,109.53,3.07,5.91667,0.632442335,0.0369,0.073,0.0823,0.0597,0.030657066,0.003075,0.002409639,0.027,0.0163,0.000769029,0.001828001,0.022019,0.016763,0.1627048742446794,-1.1060051761146872,-1.0713342761011178,0.9579214014966452,-1.1286931652130108,-0.29833495466087545
105,-2.43,-0.43,-2.48,1.88,-0.36,0.29,107.14,3.07,5.97,0.654015479,0.0391,0.0723,0.082,0.0607,0.034199389,0.003258333,0.002403846,-0.0065,-0.0068,0.000365358,0.00154141,-0.020156,-0.021378,-0.6757540509759447,-0.21937759619147068,-0.9928533516706501,0.7467088035505222,-0.32343309306303064,-0.33617965898640595
106,-0.8,-2.77,0.66,1.14,-0.66,0.31,107.39,3.07333,6.02667,0.657049549,0.0398,0.0721,0.0823,0.0593,0.033325093,0.003316667,0.004796163,0.0216,0.003,0.000595479,0.001348536,0.003245,0.002126,-0.3043714292070269,-0.9964219920792335,0.12728347883693386,0.4069320155502372,-0.4753689557328382,-0.26049025033534495
107,3.26,-3.48,4.54,-1.96,2.85,0.29,111.09,3.07667,6.08333,0.63046704,0.0402,0.0719,0.0819,0.0595,0.031848785,0.00335,0.002386635,0.0029,0.0072,0.000594997,0.001068882,0.039425,0.034649,0.6206674937265962,-1.2321918728827854,1.5114016006106363,-1.0164572314779834,1.3022806375039104,-0.33617965898640595
108,-1.14,-2.23,0.46,1.68,-1.97,0.34,110.55,3.08,6.14,0.637385001,0.0466,0.0722,0.0809,0.0606,0.032869775,0.003883333,0.002380952,-0.0083,0.0031,0.000465713,0.000883967,-0.003277,-0.004516,-0.3818377429502367,-0.8171040545666728,0.055937183900145064,0.6548772392261208,-1.1388222227243312,-0.14695613735875343
109,0.52,-2.54,1.34,-0.15,0.02,0.4,111.58,3.10333,6.23333,0.635884126,0.0474,0.0721,0.0806,0.0591,0.032353444,0.00395,0.004750594,0.0234,0.0101,0.000858267,0.000908539,0.010878,0.009503,-0.0036198582039769956,-0.9200458335090688,0.3698608816220158,-0.18538157434215127,-0.13098100034794105,0.08011208859442938
110,4.6,-0.62,4.85,-1.95,3.37,0.37,116.67,3.12667,6.32667,0.596733483,0.0478,0.0712,0.0799,0.0577,0.03095225,0.003983333,0.002364066,0.0226,0.0249,0.00048846,0.000483774,0.050297,0.045173,0.9259759067145408,-0.2824709445755198,1.6219883577626588,-1.0118656532617631,1.5656361327982433,-0.03342202438216212
111,0.62,-1.89,-2.19,2.6,-2.16,0.37,118.05,3.15,6.42,0.595674595,0.0507,0.0708,0.0793,0.0599,0.034203484,0.004225,0.002358491,-0.0229,-0.0004,0.000517178,0.000311447,0.013663,0.012622,0.019164351720496478,-0.7042001679846901,-0.8894012240123064,1.077302435118367,-1.2350482690818763,-0.03342202438216212
112,-3.29,-2.81,2.68,0.42,0.9,0.44,116.03,3.15667,6.54667,0.608196032,0.0541,0.0715,0.079,0.0685,0.035647312,0.004508333,0.002352941,-0.0321,-0.0054,0.000515628,-0.000120303,-0.016752,-0.018044,-0.8716982563264165,-1.0097048022653492,0.8478810576985008,0.07633838398239251,0.3146975301501611,0.2314909058965512
113,-4.85,-3.91,1.6,-0.26,0.02,0.41,111.68,3.16333,6.67333,0.636183735,0.056,0.0722,0.0797,0.0688,0.036299867,0.004666667,0.007042254,0.0014,0.0023,0.001264572,-0.00020733,-0.033818,-0.038229,-1.2271319311482027,-1.3749820823835281,0.46261106503984123,-0.23588893472057204,-0.13098100034794105,0.11795679291995968
114,-1.3,-2.33,2.62,-1.07,0.62,0.46,111.52,3.17,6.8,0.676018128,0.0609,0.0729,0.0803,0.0686,0.036706149,0.005075,0.009324009,0.0082,0.0045,0.001557543,-0.000695859,-0.001093,-0.002089,-0.4182924788293943,-0.8503110800319619,0.8264771692174641,-0.6078067702343974,0.17289072499167404,0.3071803145476122
115,-5.68,-2.9,5.41,-1.58,2.6,0.52,106.97,3.18667,6.94333,0.697719848,0.0626,0.0726,0.0809,0.0687,0.037833237,0.005216667,0.006928406,0.0046,0.0061,0.001517541,0.000165363,-0.040064,-0.041236,-1.4162408735213325,-1.0395911251841092,1.8217579835856674,-0.8419772592616208,1.175667418612404,0.5342485405007951
116,-2.94,-6.17,0.41,1.95,-1.57,0.51,104.95,3.20333,7.08667,0.713215962,0.0636,0.0729,0.0806,0.0703,0.039602216,0.0053,0.006880734,-0.0105,-0.0039,0.003077462,-7.34e-05,-0.01395,-0.019002,-0.7919535215907593,-2.1254608578990597,0.03810061016594785,0.7788498510640627,-0.9362410724979212,0.4964038361752645
117,-1.57,-2.48,1.2,-0.21,0.11,0.51,104.26,3.22,7.23,0.720974308,0.0719,0.0737,0.0813,0.071,0.039013398,0.005991667,0.006833713,-0.0021,-0.0056,0.002164598,0.000743978,-0.005178,-0.006522,-0.47980984562547274,-0.9001216182298953,0.3199184751662636,-0.21293104363947168,-0.08540024154699881,0.4964038361752645
118,5.05,7.26,-5.31,-0.05,-3.28,0.64,108.22,3.23667,7.38333,0.693976684,0.0801,0.0745,0.0824,0.076,0.037350063,0.006675,0.002262443,-0.0433,-0.0476,0.001868018,0.00023903,0.039128,0.037679,1.0285048513746715,2.3342426620892542,-2.0024034250262117,-0.13946579217995062,-1.802275489715824,0.9883849924071606
119,-3.82,-1.84,1.24,-1.31,1.3,0.7,104.25,3.25333,7.53667,0.724337235,0.0867,0.0768,0.0853,0.0728,0.037388767,0.007225,0.018058691,0.0391,0.0356,0.001095856,0.000252075,-0.031544,-0.036505,-0.9924545689261258,-0.6875966552520457,0.33418773415362135,-0.7180046474236791,0.5172786803765712,1.2154532183603433
120,4.75,3.6,2.01,-2.33,1.77,0.68,108.43,3.27,7.69,0.678808996,0.0829,0.0763,0.0863,0.0703,0.034361226,0.006908333,0.002217295,0.0318,0.0356,0.000934547,-5.46e-05,0.042219,0.041038,0.9601522216012511,1.1188655300596764,0.6088709696602581,-1.186345625478126,0.755311531892603,1.1397638097092826
121,-0.83,-0.38,1.94,-1.9,2.71,0.65,108.29,3.30667,7.84667,0.672081791,0.0722,0.076,0.0841,0.0689,0.03466033,0.006016667,0.008849558,0.0215,-0.0066,0.001344717,-0.000887358,0.000312,-0.00156,-0.31120669218436897,-0.20277408345882617,0.5838997664323821,-0.9889077621806629,1.2313772349246666,1.0262296967326912
122,-12.75,-7.28,3.87,-2.63,1.73,0.56,95.96,3.34333,8.00333,0.781878991,0.0783,0.0767,0.0842,0.0712,0.038736339,0.006525,0.006578947,-0.0183,0.0078,0.004369728,-0.001324534,-0.10722,-0.113046,-3.0270845151816075,-2.494058840563768,1.272391512572394,-1.3240929719647279,0.7350534168699621,0.6856273578029171
123,0.61,-4.69,3.85,-2.78,2.48,0.64,97.55,3.38,8.16,0.755588463,0.0745,0.0768,0.0848,0.0726,0.013007395,0.006208333,0.006535948,-0.0082,-0.0089,0.005358381,-0.000640199,0.017971,0.016534,0.01688593072804913,-1.6339968810127825,1.2652568830787152,-1.3929666452080287,1.114893073544481,0.9883849924071606
124,-0.17,10.41,6.02,-3.07,4.42,0.63,96.57,3.4,8.22667,0.751446438,0.0777,0.0783,0.0848,0.074,0.011626749,0.006475,0.008658009,-0.0083,-0.0053,0.003409512,-0.000936753,-0.00812,-0.009749,-0.160830906682844,3.3802639642458576,2.0393641831428733,-1.5261224134784106,2.09741165214257,0.9505402880816302
125,-0.47,0.06,2.81,-1.87,2.63,0.58,96.22,3.42,8.29333,0.747097719,0.0712,0.0785,0.0853,0.0748,0.010918648,0.005933333,0.012875536,-0.0024,0.0009,0.001878014,-0.000957314,0.001992,-0.003695,-0.2291835364562644,-0.05666317141155454,0.8942561494074134,-0.9751330275320028,1.1908610048793846,0.7613167664539776
126,-2.81,2.65,-0.32,2.8,0.44,0.56,93.98,3.44,8.36,0.815184013,0.0796,0.0801,0.0862,0.0783,0.010399936,0.006633333,0.012711864,-0.0292,-0.0307,0.001693666,-0.001167099,-0.021818,-0.023154,-0.7623340486889438,0.8033987881394308,-0.2223133663533312,1.1691339994427683,0.08172920738978952,0.6856273578029171
127,-5.29,-0.7,0.85,2.87,2.09,0.75,90.31,3.46,8.48667,0.824858082,0.0833,0.0825,0.0887,0.0816,0.009657061,0.006941667,0.0041841,-0.0253,-0.0341,0.001729145,-0.001047494,-0.037649,-0.039359,-1.3273824548158861,-0.309036564947751,0.19506245902688316,1.201275046956309,0.917376452073731,1.4046767399879958
128,-4.68,-3.07,-2.02,4.95,-0.42,0.75,87.28,3.48,8.61333,0.860416121,0.0823,0.0837,0.0905,0.081,0.009246539,0.006858333,0.0125,0.0123,0.0105,0.002098706,-0.001237991,-0.026896,-0.033127,-1.1883987742765978,-1.0960430684751004,-0.8287568733160359,2.1563233159300825,-0.35382026559699215,1.4046767399879958
129,-2.83,0.0,0.77,0.57,2.94,0.6,86.0,3.5,8.74,0.860158772,0.079,0.0847,0.0927,0.0812,0.00802781,0.006583333,0.008230453,0.0045,-0.0285,0.002300341,-0.001691767,-0.012816,-0.014583,-0.7668908906738385,-0.07658738669072794,0.1665239410521677,0.1452120572256935,1.3478613963048527,0.8370061751050386
130,-8.05,1.92,5.16,-3.25,4.6,0.7,79.31,3.53,8.86333,0.911239322,0.0755,0.0872,0.0948,0.0823,0.006839504,0.006291667,0.008163265,-0.0029,-0.0211,0.004917534,-0.001999253,-0.076698,-0.0785,-1.9562266487313544,0.560987502242821,1.7325751149146815,-1.608770821370372,2.188573169744454,1.2154532183603433
131,-9.35,0.26,2.64,-0.28,2.59,0.6,72.15,3.56,8.98667,1.017123994,0.0896,0.09,0.0977,0.0855,0.006555915,0.007466667,0.012145749,-0.0232,-0.0268,0.004791049,-0.00230981,-0.082177,-0.089737,-2.252421377749509,0.00975087951902348,0.8336117987111429,-0.24507209115301218,1.1706028898567435,0.8370061751050386
132,-11.77,1.48,5.58,-4.44,5.91,0.81,63.54,3.59,9.11,1.135440143,0.0806,0.0924,0.1018,0.0837,0.005138262,0.006716667,0.012,0.0247,0.0174,0.007811715,-0.001700144,-0.117511,-0.119578,-2.8037992579217677,0.41487659019554934,1.882402334281938,-2.15516862910056,2.8520264367359474,1.6317449659411787
133,16.1,-6.82,-9.87,-0.21,-2.86,0.51,73.9,3.59333,9.03667,1.037083784,0.0746,0.0927,0.1048,0.0795,0.003639158,0.006216667,0.009881423,0.0489,0.0885,0.010084954,-0.00189545,0.168113,0.164814,3.546160048028991,-2.3413065234234383,-3.6290989495849955,-0.21293104363947168,-1.5895652819780934,0.4964038361752645
134,-4.51,-1.48,-0.2,-3.37,2.92,0.54,69.97,3.59667,8.96333,1.115637022,0.0747,0.0889,0.106,0.0771,0.007815423,0.006225,0.007827789,0.0295,0.0117,0.003513839,-0.001821532,-0.045688,-0.053816,-1.1496656174049928,-0.5680513635770053,-0.17950558939125796,-1.6638697599650127,1.3377323387935318,0.6099379491518561
135,-3.45,-4.35,0.11,-0.68,3.25,0.7,68.56,3.6,8.89,1.120018175,0.0715,0.0889,0.1063,0.076,0.008773308,0.005958333,0.00776699,0.0171,-0.0075,0.003814438,-0.000830488,-0.018021,-0.020305,-0.9081529922055741,-1.5210929944307996,-0.06891883223923533,-0.4287352198018148,1.5048617877303203,1.2154532183603433
136,13.66,12.91,8.28,-0.78,-0.9,0.58,76.98,3.62333,8.74333,0.980829627,0.0626,0.0883,0.1081,0.0796,0.008511169,0.005216667,0.003853565,0.0225,0.0596,0.004017213,-0.001229924,0.12361,0.121698,2.9902253258718376,4.210439600878083,2.8455773159285864,-0.4746510019640155,-0.5969176458686843,0.7613167664539776
137,5.56,-0.65,-4.44,1.16,-2.1,0.43,81.59,3.64667,8.59667,0.93390163,0.055,0.0862,0.1065,0.0788,0.011652942,0.004583333,0.007677543,0.0131,0.0137,0.00217907,-0.000708124,0.06746,0.059497,1.1447043219894861,-0.29243305221510646,-1.6920470420511806,0.4161151719826774,-1.2046610965479145,0.1936462015710207
138,2.66,4.0,2.38,1.26,-1.33,0.41,83.36,3.67,8.45,0.972466315,0.0549,0.0867,0.1048,0.0824,0.020467918,0.004575,0.003809524,-0.0267,-0.0247,0.002402643,-0.000704292,0.024014,0.022122,0.4839622341797555,1.2516936319208323,0.7408616152933174,0.4620309541448781,-0.8146923823620751,0.11795679291995968
139,4.23,-0.71,-1.14,1.41,-1.34,0.44,87.3,3.68333,8.28667,0.909489371,0.0561,0.0895,0.1058,0.0852,0.022496487,0.004675,0.003795066,-0.0182,-0.0052,0.002313727,-0.000673488,0.049424,0.047293,0.8416743299939892,-0.3123572674942799,-0.5148331755941652,0.530904627388179,-0.8197569111177354,0.2314909058965512
140,5.19,2.89,-4.1,-0.98,-0.6,0.44,91.15,3.69667,8.12333,0.8975237,0.0523,0.089,0.1069,0.0836,0.022953967,0.004358333,0.005671078,0.0212,0.0106,0.001807184,-0.000409822,0.051193,0.044794,1.0604027452689344,0.8830956492561244,-1.5707583406586394,-0.5664825662884169,-0.44498178319887666,0.2314909058965512
141,4.83,1.43,1.38,-2.66,1.06,0.41,95.19,3.71,7.96,0.84983902,0.0534,0.0877,0.1062,0.0813,0.022961833,0.00445,0.007518797,0.0292,0.0304,0.001353355,-0.000805424,0.04622,0.044342,0.9783795895408299,0.39827307746290486,0.38413014060937345,-1.3378677066133882,0.3957299902407252,0.11795679291995968
142,-6.59,3.44,1.69,0.46,1.22,0.48,88.75,3.71,7.89333,0.898365624,0.0613,0.0884,0.1055,0.0829,0.025627147,0.005108333,0.01119403,-0.0087,-0.003,0.001244415,-0.001182099,-0.065504,-0.067553,-1.6235771838340411,1.065734289315214,0.4947168977613961,0.09470469684727278,0.47676245033128917,0.382869723198673
143,-2.85,-2.84,-0.95,1.11,-0.93,0.48,86.88,3.71,7.82667,0.894246654,0.0644,0.0895,0.1059,0.0844,0.026364596,0.005366667,0.001845018,-0.0068,-0.0175,0.002343157,-0.001574013,-0.015663,-0.021731,-0.7714477326587332,-1.0196669099049358,-0.44705419540421587,0.39315728090157714,-0.612111232135665,0.382869723198673
144,-4.26,0.05,0.39,0.53,0.55,0.53,83.87,3.71,7.76,0.940948254,0.0642,0.0895,0.1061,0.0862,0.027917636,0.00535,0.005524862,-0.0098,-0.0126,0.002304587,-0.001492257,-0.03225,-0.034226,-1.092705092593809,-0.059983873958083446,0.030965980672268988,0.12684574436081325,0.1374390237020523,0.5720932448263255
145,5.31,-4.23,0.28,-0.49,2.26,0.56,89.04,3.7,7.82667,0.893497919,0.0596,0.0886,0.1062,0.0819,0.025896651,0.004966667,0.005494505,0.0475,0.0553,0.00215464,-0.001543024,0.064855,0.062135,1.0877437971783024,-1.481244563872453,-0.008274481542964843,-0.34149523369363355,1.0034734409199553,0.6856273578029171
146,2.64,-1.09,2.03,-0.68,1.75,0.41,91.24,3.69,7.89333,0.867928474,0.0548,0.0878,0.1056,0.0838,0.02462068,0.004566667,0.007285974,-0.0109,-0.0088,0.000812701,-0.001652912,0.030089,0.023996,0.4794053921948608,-0.4385439642623782,0.616005599153937,-0.4287352198018148,0.7451824743812825,0.11795679291995968
147,-1.6,-0.05,1.69,-0.09,0.57,0.48,90.19,3.68,7.96,0.876338851,0.0544,0.0879,0.1056,0.0805,0.023709429,0.004533333,0.003616637,0.039,0.0442,0.001330808,-0.000465116,-0.010485,-0.012296,-0.48664510860281474,-0.09319089942337244,0.4947168977613961,-0.1578321050448309,0.14756808121337275,0.382869723198673
148,12.16,6.34,8.63,-1.79,2.28,0.47,100.86,3.68333,8.19333,0.765933886,0.0487,0.086,0.1041,0.0802,0.021850489,0.004058333,0.001801802,0.009,0.0188,0.001978298,-0.000110293,0.120143,0.118545,2.6484621770047356,2.028738027808595,2.9704333320679677,-0.9384004018022423,1.013602498431276,0.3450250188731425
149,0.32,7.99,5.87,-2.64,3.87,0.34,99.71,3.68667,8.42667,0.76803652,0.0488,0.0855,0.1024,0.0802,0.022231369,0.004066667,0.003597122,0.0062,0.0061,0.001221425,-0.000170784,-0.005756,-0.01162,-0.04918827805292395,2.576653947985864,1.9858544619402818,-1.3286845501809479,1.818862570581256,-0.14695613735875343
150,2.32,-1.38,-0.12,-0.33,0.96,0.4,102.77,3.69,8.66,0.784031217,0.05,0.0852,0.1012,0.0792,0.015070147,0.004166667,0.001792115,0.0166,0.0167,0.001265717,-0.000438798,0.03264,0.030786,0.4064959204365456,-0.5348443381117163,-0.15096707141654242,-0.2680299822341125,0.3450847026841226,0.08011208859442938
151,-1.49,0.08,-0.16,0.4,-1.1,0.42,101.64,3.71333,8.85667,0.78607614,0.0486,0.084,0.0994,0.0797,0.014238437,0.00405,0.003577818,0.0018,-0.0015,0.00100713,-0.00135341,-0.00961,-0.010699,-0.46158247768589394,-0.05002176631849673,-0.16523633040390018,0.06715522754995239,-0.6982082209818894,0.1558014972454902
152,-1.34,-1.1,-1.36,2.46,-1.41,0.37,100.18,3.73667,9.05333,0.803502763,0.052,0.0858,0.0986,0.0821,0.014146386,0.004333333,0.007130125,-0.0158,-0.0103,0.000936506,-0.0010527,-0.008116,-0.015026,-0.4274061627991837,-0.44186466680890707,-0.5933141000246329,1.013020340091286,-0.855208612407357,-0.03342202438216212
153,4.05,-1.07,0.71,-0.68,1.02,0.43,104.28,3.76,9.25,0.781427631,0.0541,0.0862,0.0989,0.0807,0.018923185,0.004508333,0.005309735,0.0208,0.015,0.0009716,-0.001277583,0.043959,0.042158,0.8006627521299368,-0.43190255916932035,0.14512005257113103,-0.4287352198018148,0.3754718752180841,0.1936462015710207
154,-1.07,0.63,1.73,-1.05,0.28,0.47,103.44,3.79,9.35,0.795823854,0.0523,0.0856,0.0982,0.0805,0.018840949,0.004358333,0.00528169,0.0078,0.0149,0.00048717,-0.001441104,-0.007202,-0.008454,-0.3658887960031053,0.1326168737405928,0.5089861567487539,-0.5986236138019573,0.0006967472992254965,0.3450250188731425
155,-0.56,-1.98,0.81,-0.42,-0.55,0.42,102.91,3.82,9.45,0.804732269,0.0514,0.0845,0.0964,0.079,0.020628557,0.004283333,0.00525394,0.0211,0.0231,0.000744545,-0.001297757,0.001599,-0.004982,-0.24968932538829056,-0.7340864909034504,0.18079320003952548,-0.3093541861800931,-0.4196591394205755,0.1558014972454902
156,2.07,0.1,-0.29,0.98,-1.15,0.44,105.24,3.85,9.55,0.791363274,0.0508,0.0838,0.094,0.0781,0.023781738,0.004233333,0.003484321,0.0145,0.0167,0.000890683,-0.001456697,0.024421,0.02267,0.34953539562536184,-0.04338036122543894,-0.2116114221128129,0.33346676409071624,-0.7235308647601905,0.2314909058965512
157,-2.42,0.13,-0.18,-0.19,-0.37,0.41,102.9,3.91667,9.67,0.812079633,0.0492,0.0832,0.0929,0.0779,0.025568152,0.0041,0.005208333,0.0084,0.007,0.001270002,-0.00115663,-0.020211,-0.021995,-0.6734756299834972,-0.03341825358585223,-0.17237095989757906,-0.20374788720703155,-0.3284976218186909,0.11795679291995968
158,0.36,2.66,1.51,-1.41,0.09,0.4,102.1,3.98333,9.79,0.827262938,0.0475,0.0825,0.0923,0.0749,0.027894445,0.003958333,0.001727116,0.0339,0.0319,0.001117929,-0.00092241,-0.001041,-0.008628,-0.04007459408313457,0.8067194906859597,0.43050523231828625,-0.7639204295858797,-0.0955292990583193,0.08011208859442938
159,5.65,3.64,2.27,-0.61,2.28,0.4,107.46,4.05,9.91,0.779973125,0.0435,0.0798,0.0912,0.0721,0.028565696,0.003625,0.003448276,0.0327,0.0347,0.000576229,-0.001122704,0.053775,0.05217,1.1652101109215125,1.132148340245792,0.7016211530780836,-0.3965941722882743,1.013602498431276,0.08011208859442938
160,-4.05,5.9,4.27,-0.51,1.97,0.36,102.03,4.09667,9.96667,0.821065205,0.0462,0.0796,0.0908,0.0764,0.02959895,0.00385,0.005154639,-0.0388,-0.0303,0.000695639,-0.001592844,-0.049654,-0.051167,-1.044858251752415,1.8826271157613237,1.4150841024459713,-0.3506783901260737,0.8566021070058081,-0.07126672870769263
161,-1.94,1.07,0.47,-0.16,-0.22,0.35,99.82,4.14333,10.0233,0.836803998,0.0467,0.0804,0.0912,0.0775,0.027969423,0.003891667,0.01025641,-0.0049,-0.002,0.000334679,-0.001653703,-0.015638,-0.0224,-0.5641114223460245,0.27872778578786445,0.05950449864698449,-0.18997315255837133,-0.2525296904837871,-0.10911143303322314
162,-1.37,1.31,1.09,-0.3,-0.06,0.38,98.42,4.19,10.08,0.868429928,0.046,0.081,0.0912,0.0772,0.030337549,0.003833333,0.00676819,0.0091,0.0094,0.000665746,-0.001732089,-0.012502,-0.014548,-0.43424142577652575,0.35842464690455805,0.2806780129510298,-0.25425524758545226,-0.1714972303932231,0.004422679943368378
163,0.15,0.61,3.38,-2.01,1.14,0.38,98.44,4.24667,10.1933,0.86115007,0.0454,0.0804,0.0907,0.0771,0.031139348,0.003783333,0.008403361,0.0071,0.01,0.000984868,-0.0016387,0.000641,-0.000503,-0.08792143492452886,0.125975468647535,1.0975930899772615,-1.0394151225590835,0.4362462202860071,0.004422679943368378
164,-1.45,1.31,0.85,0.33,0.19,0.37,96.12,4.30333,10.3067,0.888211337,0.0496,0.0805,0.0901,0.0765,0.035315628,0.004133333,0.005,0.0125,0.0106,0.000634799,-0.001354182,-0.015064,-0.023541,-0.4524687937161045,0.35842464690455805,0.19506245902688316,0.03501418003641192,-0.04488401150171678,-0.03342202438216212
165,4.71,2.08,-0.74,0.91,-1.2,0.4,100.48,4.36,10.42,0.871112081,0.0502,0.0795,0.0891,0.0754,0.031941274,0.004183333,0.006633499,0.0164,0.0175,0.000563354,-0.001593585,0.047776,0.045705,0.9510385376314617,0.6141187429872834,-0.37214058572058767,0.30132571657717583,-0.7488535085384918,0.08011208859442938
166,-1.69,1.88,-0.56,0.73,0.09,0.42,98.85,4.40667,10.5167,0.896783399,0.0519,0.0794,0.0887,0.0768,0.03318201,0.004325,0.004942339,-0.007,-0.0005,0.000594692,-0.001686821,-0.015453,-0.016589,-0.5071508975348409,0.5477046920567054,-0.30792892027747776,0.21867730868521457,-0.0955292990583193,0.1558014972454902
167,-1.75,0.86,-2.7,0.98,-0.66,0.44,96.77,4.45333,10.6133,0.92653426,0.0549,0.0798,0.0882,0.0754,0.033750533,0.004575,0.003278689,0.0198,0.0136,0.000582452,-0.001666359,-0.01231,-0.020221,-0.520821423489525,0.20899303231075755,-1.0713342761011178,0.33346676409071624,-0.4753689557328382,0.2314909058965512
168,-0.27,1.43,-0.52,1.43,-0.84,0.43,96.53,4.5,10.71,0.942262516,0.0581,0.0792,0.088,0.0764,0.032367733,0.004841667,0.003267974,-0.0029,-0.0022,0.000463183,-0.001802691,-0.000825,-0.003084,-0.18361511660731747,0.39827307746290486,-0.29365966129012,0.5400877838206192,-0.5665304733347227,0.1936462015710207
169,-4.38,1.48,1.75,-0.2,-0.3,0.49,92.34,4.55667,10.77,0.975377284,0.0616,0.0804,0.0889,0.0781,0.032775288,0.005133333,0.003257329,-0.0093,-0.0038,0.000726166,-0.001257046,-0.041984,-0.043869,-1.1200461445031773,0.41487659019554934,0.5161207862424327,-0.20833946542325163,-0.29304592052906914,0.4207144275242035
170,4.0,3.64,0.26,-0.13,0.73,0.5,94.83,4.61333,10.83,0.96203447,0.061,0.0808,0.0895,0.0777,0.029216904,0.005083333,0.00487013,0.0093,0.0061,0.001387517,-0.001290008,0.036752,0.026953,0.7892706471677,1.132148340245792,-0.015409111036643728,-0.17619841790971116,0.2286005413039368,0.458559131849734
171,0.27,1.59,-0.29,0.92,-0.69,0.49,95.1,4.67,10.89,0.960333025,0.0607,0.0819,0.0899,0.0803,0.030475541,0.005058333,0.003231018,-0.0168,-0.0105,0.000626626,-0.00183389,0.00557,0.003637,-0.06058038301516069,0.4514043182073673,-0.2116114221128129,0.3059172947933959,-0.4905625419998189,0.4207144275242035
172,-6.01,2.72,3.36,-1.72,1.52,0.49,89.25,4.71333,10.9,1.036731089,0.0644,0.0841,0.0917,0.0816,0.028814389,0.005366667,0.006441224,-0.008,-0.0089,0.000908056,-0.001893361,-0.060643,-0.062611,-1.491428766272095,0.8266437059651331,1.0904584604835825,-0.9062593542887017,0.6286983130010967,0.4207144275242035
173,-1.38,3.7,0.83,0.3,1.01,0.46,87.04,4.75667,10.91,1.075567294,0.0645,0.0847,0.092,0.0822,0.031169141,0.005375,0.0064,0.0004,0.0051,0.000669887,-0.001551213,-0.01626,-0.024938,-0.43651984676897304,1.1520725555249653,0.18792782953320428,0.021239445387751712,0.3704073464624239,0.3071803145476122
174,2.85,3.71,1.18,-0.59,1.89,0.53,89.21,4.8,10.92,1.111492553,0.0629,0.0847,0.0922,0.0831,0.027569748,0.005241667,0.007949126,-0.0021,0.0042,0.000622855,-0.001381708,0.026925,0.024356,0.527252233036255,1.1553932580714943,0.3127838456725847,-0.38741101585583415,0.816085876960526,0.5720932448263255
175,7.88,-0.26,-3.54,2.81,-1.26,0.54,96.83,4.83667,11.0233,1.005350404,0.0629,0.0856,0.0932,0.0838,0.022945989,0.005241667,0.007886435,-0.0005,-0.0023,0.001741161,-0.001986056,0.088964,0.087593,1.6732979922372708,-0.16292565290047936,-1.3709887148356308,1.1737255776589883,-0.7792406810724534,0.6099379491518561
176,1.76,4.58,-0.52,0.22,0.41,0.51,97.24,4.87333,11.1267,1.001415639,0.0641,0.0869,0.0949,0.0852,0.016559459,0.005341667,0.009389671,-0.0058,-0.0108,0.001085059,-0.002333434,0.013719,0.004436,0.2789043448594941,1.4442943796195087,-0.29365966129012,-0.015493180342008816,0.06653562112280875,0.4964038361752645
177,-1.69,1.56,0.57,-1.4,-0.07,0.54,95.53,4.91,11.23,1.027901581,0.0673,0.0876,0.096,0.0865,0.016523465,0.005608333,0.010852713,-0.0062,0.0023,0.001027411,-0.001834939,-0.016578,-0.018953,-0.5071508975348409,0.4414422105677806,0.09517764611537888,-0.7593288513696596,-0.17656175914888333,0.6099379491518561
178,5.11,0.12,-1.15,1.55,-0.78,0.56,100.68,4.94667,11.3433,0.976260336,0.0701,0.0888,0.096,0.0858,0.014671414,0.005841667,0.007668712,0.0143,0.0101,0.00084993,-0.001500183,0.056974,0.055121,1.0421753773293556,-0.03673895613238114,-0.5184004903410047,0.59518672241526,-0.5361433008007612,0.6856273578029171
179,3.75,4.95,-0.51,1.43,0.46,0.56,103.29,4.98333,11.4567,0.960060218,0.0708,0.0869,0.0948,0.0843,0.012002708,0.0059,0.00456621,0.0218,0.0257,0.001002245,-0.001831664,0.033641,0.025563,0.7323101223565164,1.5671603738410782,-0.29009234654328053,0.5400877838206192,0.09185826490111003,0.6856273578029171
180,-1.43,-0.32,1.89,-0.67,1.78,0.62,102.54,5.02,11.57,0.972257513,0.0785,0.0869,0.0942,0.086,0.012703906,0.006541667,0.007575758,-0.0106,-0.0048,0.000948015,-0.002599305,-0.005163,-0.007483,-0.4479119517312098,-0.18284986817965276,0.5660631926981848,-0.42414364158559476,0.7603760606482634,0.9126955837560996
181,-11.91,-10.02,1.38,0.12,0.94,0.68,93.15,5.03667,11.8233,1.062275222,0.0799,0.0889,0.0959,0.0889,0.014350552,0.006658333,0.009022556,-0.02,-0.0205,0.002100022,-0.00187022,-0.08957,-0.092269,-2.8356971518160305,-3.403931338312687,0.38413014060937345,-0.061408962504209484,0.3349556451728021,1.1397638097092826
182,2.71,2.81,-2.15,1.13,-1.17,0.7,94.7,5.05333,12.0767,1.053527402,0.0864,0.0903,0.0983,0.0877,0.014089272,0.0072,0.004470939,0.0189,0.0134,0.003180904,-0.001861131,0.026771,0.0174,0.4953543391419922,0.8565300288838932,-0.8751319650249486,0.40234043733401714,-0.733659922271511,1.2154532183603433
183,0.88,1.13,-2.13,2.01,-1.32,0.78,96.11,5.07,12.33,1.045701296,0.0908,0.0916,0.0994,0.0898,0.014850552,0.007566667,0.004451039,-0.013,-0.0133,0.001665671,-0.001548154,0.016627,0.014264,0.07840329752412752,0.2986520010670378,-0.8679973355312697,0.806399320361383,-0.8096278536064149,1.5182108529645872
184,4.23,3.78,2.19,-2.47,1.52,0.77,99.93,5.11333,12.6533,1.003074283,0.0935,0.0925,0.1013,0.0886,0.014387532,0.007791667,0.008862629,0.0191,0.0184,0.001001125,-0.001849819,0.042697,0.040161,0.8416743299939892,1.1786381758971964,0.6730826351033681,-1.2506277205052068,0.6286983130010967,1.4803661486390567
185,-3.56,0.54,1.17,-1.12,0.94,0.73,96.28,5.15667,12.9767,1.040775451,0.0932,0.0926,0.1008,0.0908,0.01222771,0.007766667,0.011713031,-0.0135,-0.0128,0.000814059,-0.001314727,-0.028649,-0.036958,-0.9332156231224948,0.10273055082183272,0.30921653092574525,-0.6307646613154978,0.3349556451728021,1.3289873313369347
186,5.68,3.24,-0.71,0.53,0.32,0.81,101.59,5.2,13.3,1.033078939,0.0948,0.0937,0.1026,0.0902,0.011670308,0.0079,0.010130246,0.0129,0.0106,0.000800771,-0.001349922,0.057361,0.054825,1.1720453738988543,0.999320238384636,-0.3614386414800693,0.12684574436081325,0.020954862321866493,1.6317449659411787
187,-0.06,2.37,1.12,1.08,0.17,0.8,101.76,5.24667,13.5267,1.041876243,0.0946,0.0938,0.1033,0.0922,0.011570314,0.007883333,0.011461318,-0.0112,-0.0052,0.000646829,-0.001558234,0.004183,0.002218,-0.13576827576592318,0.7104191168366216,0.29137995719154813,0.3793825462529169,-0.055013069013037284,1.5939002616156484
188,-2.21,0.18,1.31,-1.54,-0.27,0.82,99.08,5.29333,13.7533,1.083141804,0.0961,0.095,0.1047,0.0903,0.014183159,0.008008333,0.012747875,0.0261,0.0228,0.000924233,-0.001432578,-0.016818,-0.026303,-0.625628789142103,-0.016814740853207732,0.35915893738149746,-0.8236109463967406,-0.2778523342620884,1.6695896702667088
189,3.85,1.0,1.44,-1.66,-0.52,0.81,102.91,5.34,13.98,1.057863607,0.0906,0.0929,0.1038,0.0877,0.012068377,0.00755,0.011188811,0.0311,0.0269,0.000571458,-0.001327684,0.040324,0.037792,0.7550943322809899,0.25548286796216213,0.40553402909041014,-0.8787098849913814,-0.40446555315359467,1.6317449659411787
190,0.82,1.27,1.86,-0.29,0.71,0.77,103.81,5.39667,14.1967,1.052314454,0.0924,0.092,0.1029,0.0895,0.009678248,0.0077,0.011065007,-0.0085,-0.0031,0.000707685,-0.000954076,0.012051,0.009737,0.06473277156944342,0.34514183671844245,0.5553612484576667,-0.2496636693692322,0.2184714837926163,1.4803661486390567
191,5.53,1.92,-1.58,1.62,-1.48,0.77,109.32,5.45333,14.4133,1.003458648,0.0952,0.0923,0.1035,0.0907,0.011569079,0.007933333,0.009575923,-0.0035,0.0006,0.000506456,-0.001171412,0.061865,0.053222,1.1378690590121443,0.560987502242821,-0.6717950244551006,0.6273277699288006,-0.8906603136969788,1.4803661486390567
192,-0.82,-0.32,-0.9,1.01,0.32,0.83,109.32,5.51,14.63,1.013794987,0.1026,0.0944,0.1054,0.0927,0.009403924,0.00855,0.010840108,-0.0122,-0.0179,0.001233085,-0.001419556,0.001416,-0.000872,-0.30892827119192157,-0.18284986817965276,-0.42921762167001876,0.34724149873937643,0.020954862321866493,1.7074343745922393
193,-8.1,-3.5,-1.84,1.01,0.07,0.87,101.82,5.55667,14.7067,1.091945568,0.117,0.1013,0.114,0.1034,0.010209545,0.00975,0.008042895,-0.0841,-0.089,0.00258934,-0.001255481,-0.06556,-0.068517,-1.9676187536935905,-1.2388332779758433,-0.7645452078729261,0.34724149873937643,-0.1056583565696398,1.8588131918943613
194,5.21,2.53,-3.29,0.06,-2.12,0.99,106.16,5.60333,14.7833,1.083115462,0.1179,0.1076,0.1199,0.1009,0.010778694,0.009825,0.009308511,0.0311,0.0222,0.001558374,-0.000844509,0.052777,0.04357,1.064959587253829,0.7635503575810839,-1.2818058461646447,-0.08895843180152989,-1.2147901540592352,2.312949643800727
195,1.79,4.32,-2.1,-0.7,-0.92,0.95,107.94,5.65,14.86,1.061950068,0.1204,0.1074,0.1206,0.1012,0.010514465,0.010033333,0.010540184,0.0057,-0.0108,0.000469655,-0.000371131,0.01834,0.015892,0.28573960783683616,1.3579561134097575,-0.8572953912907515,-0.43791837623425495,-0.6070467033800049,2.161570826498605
196,5.51,1.83,1.75,-1.7,1.64,0.8,114.16,5.7,15.0033,1.016954958,0.12,0.1109,0.1242,0.1114,0.011297471,0.01,0.014341591,-0.0741,-0.0645,0.001906401,-0.000295125,0.061308,0.058935,1.1333122170272494,0.5311011793240609,0.5161207862424327,-0.8970761978562616,0.6894726580690197,1.5939002616156484
197,-1.22,-1.57,0.61,0.04,2.68,0.89,113.66,5.75,15.1467,1.03192993,0.1286,0.1238,0.1357,0.1186,0.010827185,0.010716667,0.014138817,-0.0467,-0.0665,0.001897609,-0.000821168,0.002611,-0.005574,-0.4000651108898155,-0.5979376864957654,0.10944690510273665,-0.09814158823397001,1.2161836486576862,1.9345026005454224
198,-12.9,-6.93,-1.01,1.46,-1.19,1.21,102.09,5.8,15.29,1.093732103,0.152,0.1296,0.1445,0.1239,0.011877396,0.012666667,0.015209125,-0.0315,-0.0062,0.004621871,-0.000484608,-0.097518,-0.100096,-3.0612608300683175,-2.377834251435256,-0.4684580838852525,0.5538625184692794,-0.7437889797828315,3.145533138962397
199,3.97,1.05,1.06,-2.1,0.29,1.26,106.29,5.84667,15.1733,1.05181994,0.132,0.1204,0.1419,0.1076,0.015346805,0.011,0.011235955,0.1523,0.1376,0.002745574,-0.000265001,0.042394,0.039877,0.7824353841903581,0.2720863806948066,0.26997606871051144,-1.0807393265050644,0.005761276054885725,3.33475666059005
200,5.26,2.11,0.38,0.34,-0.31,0.81,111.24,5.89333,15.0567,1.010048775,0.0858,0.1099,0.1317,0.1037,0.015051823,0.00715,0.009876543,0.0419,0.056,0.001509752,-0.000153969,0.05556,0.046651,1.0763516922160659,0.62408085062687,0.027398665925429545,0.039605758252631997,-0.2981104492847294,1.6317449659411787
201,3.06,1.41,-0.76,-0.15,-1.26,0.61,114.24,5.94,14.94,0.990183427,0.0707,0.1058,0.1271,0.1006,0.015304351,0.005891667,0.011002445,0.0359,0.0341,0.001371067,0.000420313,0.029722,0.026895,0.5750990738776494,0.39163167236984703,-0.37927521521426655,-0.18538157434215127,-0.7792406810724534,0.8748508794305692
202,6.49,3.82,-6.41,4.06,-2.43,0.53,121.67,5.98333,14.84,0.918829919,0.0806,0.1107,0.1265,0.1074,0.020154008,0.006716667,0.0,-0.0476,-0.0429,0.001362829,0.000749011,0.0682,0.06563,1.3565974742870897,1.1919209860833122,-2.3948080471785502,1.7476728546864966,-1.3717905454847028,0.5720932448263255
203,1.8,4.25,-2.6,2.06,-0.86,0.64,122.38,6.02667,14.74,0.921519639,0.0913,0.1164,0.1315,0.114,0.019949805,0.007608333,0.007255139,-0.0432,-0.0445,0.001708132,0.00081825,0.013454,0.00603,0.2880180288292835,1.334711195584055,-1.0356611286327235,0.8293572114424834,-0.5766595308460433,0.9883849924071606
204,2.19,0.67,-4.59,1.91,-2.76,0.75,125.46,6.07,14.64,0.921687651,0.1027,0.1202,0.137,0.1185,0.023796048,0.008558333,0.008403361,-0.0262,-0.0237,0.002657407,0.000765403,0.027935,0.025155,0.37687644753473004,0.14589968392670843,-1.745556763253772,0.7604835381991824,-1.538919994421491,1.4046767399879958
205,1.06,2.33,-2.76,1.65,-1.15,0.95,127.47,6.1,14.7,0.929593614,0.1162,0.1231,0.1423,0.1231,0.022769195,0.009683333,0.00952381,-0.0263,-0.0159,0.002190636,0.001445663,0.017809,0.014742,0.1194148753881798,0.697136306650506,-1.0927381645821543,0.6411025045774607,-0.7235308647601905,2.161570826498605
206,9.59,-3.31,-8.33,4.5,-5.66,0.96,140.52,6.13,14.76,0.865161979,0.1373,0.1297,0.1464,0.123,0.021949283,0.011441667,0.008254717,0.01,0.0017,0.002419092,0.001311848,0.10991,0.103015,2.062907981945767,-1.175739929591794,-3.079732478571722,1.9497022962001798,-3.0076333335629646,2.1994155308241354
207,-4.52,-0.29,2.79,-1.29,1.24,1.31,135.76,6.16,14.82,0.891503024,0.1549,0.1321,0.1514,0.1199,0.026816359,0.012908333,0.009356725,0.0352,0.0248,0.002951487,0.001020158,-0.030634,-0.033006,-1.1519440383974402,-0.17288776054006605,0.8871215199137344,-0.7088214909912389,0.48689150784260965,3.523980182217702
208,-5.04,3.29,6.72,-3.51,4.33,1.04,129.55,6.2,14.74,0.907238696,0.1502,0.1281,0.1503,0.1211,0.028695424,0.012516667,0.00811124,-0.0115,-0.013,0.00159744,0.000710586,-0.04337,-0.045036,-1.2704219300047024,1.0159237511172805,2.289076215421634,-1.7281518549920936,2.0518308933416276,2.5021731654283794
209,0.57,-0.5,1.02,0.21,2.22,1.07,131.27,6.24,14.66,0.881815757,0.1479,0.1335,0.1537,0.1283,0.030009372,0.012325,0.010344828,-0.0435,-0.0269,0.001530896,0.000731569,0.021267,0.013492,0.007772246758259728,-0.242622514017173,0.2557068097231537,-0.020084758558228888,0.9832153258973144,2.615707278404971
210,3.56,3.02,0.64,-2.24,-0.54,1.21,136.0,6.28,14.58,0.924920557,0.1336,0.1333,0.1534,0.1248,0.027939341,0.011133333,0.006825939,0.0384,0.0311,0.002075959,0.000448875,0.038285,0.035426,0.6890201235000167,0.9262647823610001,0.12014884934325497,-1.1450214215321453,-0.4145946106649152,3.145533138962397
211,-2.11,4.59,2.28,0.83,1.24,1.08,132.81,6.31667,14.7233,0.930593836,0.1369,0.1388,0.1556,0.1332,0.027352052,0.011408333,0.006779661,-0.0518,-0.0769,0.000832009,0.000415848,-0.020211,-0.021967,-0.6028445792176295,1.4476150821660376,0.705188467824923,0.2645930908474153,0.48689150784260965,2.6535519827305016
212,0.11,2.45,-0.42,0.3,-1.53,1.15,132.59,6.35333,14.8667,0.936223847,0.163,0.1432,0.1595,0.1265,0.028844656,0.013583333,0.007856341,0.0622,0.0595,0.000921693,-3.18e-07,0.006539,-0.001124,-0.09703511889431826,0.7369847372088528,-0.2579865138217256,0.021239445387751712,-0.9159829574752801,2.918464913009214
213,-2.36,-0.96,5.13,-1.37,2.66,1.35,131.21,6.39,15.01,0.950474982,0.1473,0.1375,0.158,0.1304,0.027893475,0.012275,0.008908686,-0.0179,0.0023,0.000995536,-5.7e-05,-0.008255,-0.01118,-0.6598051040288131,-0.39537483115750244,1.721873170674163,-0.7455541167209995,1.2060545911463654,3.6753589995198244
214,-1.54,-2.05,-0.5,1.26,-2.54,1.24,130.92,6.43333,15.0967,0.974966924,0.1495,0.1438,0.1617,0.137,0.025590255,0.012458333,0.011037528,-0.0353,-0.0372,0.001102994,-0.000324294,0.000714,-0.000946,-0.47297458264813064,-0.7573314087291526,-0.2865250317964411,0.4620309541448781,-1.4275003617969657,3.2590672519389887
215,-7.04,-1.81,4.76,-0.32,1.41,1.28,122.79,6.47667,15.1833,1.053354056,0.1551,0.1489,0.1634,0.1445,0.026991788,0.012925,0.007641921,-0.0386,-0.0345,0.001824936,-0.00080864,-0.05554,-0.063659,-1.7261061284941719,-0.677634547612459,1.5898825250411037,-0.2634384040178924,0.5729884966888339,3.410446069241111
216,-7.17,-2.45,5.17,0.08,2.63,1.24,116.18,6.52,15.27,1.092378644,0.147,0.1549,0.1692,0.1482,0.021483369,0.01225,0.009750813,-0.0145,-0.0199,0.002761243,-0.000542183,-0.050466,-0.0535,-1.7557256013959874,-0.8901595105903087,1.7361424296615209,-0.07977527536908974,1.1908610048793846,3.2590672519389887
217,4.92,2.37,-4.21,3.15,-3.01,1.21,121.89,6.55667,15.3,1.089085684,0.1354,0.154,0.1711,0.1384,0.014897108,0.011283333,0.002145923,0.0829,0.0521,0.00207827,-0.000818499,0.052115,0.048694,0.998885378472856,0.7104191168366216,-1.6099988028738732,1.3298392370104706,-1.6655332133129974,3.145533138962397
218,3.36,-1.51,1.83,0.08,0.95,1.07,126.35,6.59333,15.33,1.044455443,0.1086,0.1422,0.1639,0.122,0.015672825,0.00905,0.003211991,0.141,0.1267,0.001504011,-0.001017162,0.043827,0.035918,0.6434517036510697,-0.578013471216592,0.5446593042171484,-0.07977527536908974,0.34002017392846234,2.615707278404971
219,-3.65,1.2,0.81,0.22,2.5,0.87,122.55,6.63,15.36,1.061142857,0.1085,0.1423,0.1655,0.1334,0.011909673,0.009041667,0.003201708,-0.0713,-0.058,0.000905838,-0.001279466,-0.027059,-0.029745,-0.9537214120545209,0.32189691889274014,0.18079320003952548,-0.015493180342008816,1.1250221310558013,1.8588131918943613
220,-3.24,-1.14,3.19,-1.49,1.92,0.8,120.4,6.66,15.1767,1.065893698,0.1228,0.1518,0.171,0.1415,0.010700506,0.010233333,0.003191489,0.0046,-0.0129,0.002521891,-0.001882769,-0.015367,-0.016874,-0.8603061513641798,-0.4551474769950226,1.0298141097873121,-0.8006530553156402,0.8312794632275068,1.5939002616156484
221,-5.86,0.35,6.05,-3.48,4.56,0.92,113.11,6.69,14.9933,1.126287315,0.1348,0.1527,0.1718,0.1402,0.010506109,0.011233333,0.003181336,0.0182,0.0312,0.001918265,-0.002061765,-0.050441,-0.059588,-1.4572524513853848,0.03963720243778358,2.0500661273833916,-1.7143771203434335,2.168315054721813,2.048036713522014
222,-1.87,-0.05,3.81,-1.38,2.49,0.98,111.96,6.72,14.81,1.185750574,0.1268,0.1458,0.1682,0.1387,0.005548433,0.010566667,-0.001057082,0.0231,0.0306,0.001795198,-0.001889145,-0.006805,-0.010463,-0.5481624753988932,-0.09319089942337244,1.2509876240913573,-0.7501456949372195,1.1199576023001412,2.2751049394751965
223,3.27,1.09,-2.7,1.57,-0.01,1.13,116.44,6.75,14.5967,1.149983498,0.127,0.1446,0.1678,0.1348,0.002923686,0.010583333,0.004232804,0.0373,0.0338,0.001246807,-0.001933742,0.04155,0.040063,0.6229459147190436,0.2853691908809223,-1.0713342761011178,0.6043698788477002,-0.14617458661492183,2.842775504358153
224,-3.99,0.64,1.75,0.87,-0.3,1.06,111.88,6.78,14.3833,1.190423896,0.1209,0.1426,0.1664,0.1358,-0.000958184,0.010075,0.009483667,0.0034,0.0245,0.000854807,-0.00211736,-0.029505,-0.039834,-1.0311877257977309,0.13593757628712172,0.5161207862424327,0.28295940371229555,-0.29304592052906914,2.5778625740794405
225,-3.09,-0.52,1.53,0.01,2.72,0.96,109.61,6.81,14.17,1.201581417,0.1247,0.1481,0.1692,0.1412,0.00121303,0.010391667,0.012526096,-0.0223,-0.0468,0.001490294,-0.002177932,-0.015779,-0.018934,-0.8261298364774695,-0.24926391911023082,0.4376398618119651,-0.11191632288263022,1.236441763680327,2.1994155308241354
226,-3.19,0.95,0.09,1.04,1.55,1.05,107.09,6.82333,13.9667,1.206529805,0.1135,0.1461,0.168,0.1352,-0.011551891,0.009458333,0.005154639,0.0501,0.054,0.000958581,-0.002062527,-0.020199,-0.022058,-0.848914046401943,0.2388793552295176,-0.0760534617329142,0.3610162333880366,0.6438918992680775,2.54001786975391
227,11.14,-4.35,0.95,-1.89,0.09,0.76,119.51,6.83667,13.7633,1.082424471,0.0868,0.1371,0.1632,0.1254,-0.00285763,0.007233333,0.002051282,0.0781,0.0837,0.006415949,-0.002222557,0.127402,0.116647,2.4160632357751064,-1.5210929944307996,0.2307356064952776,-0.9843161839644428,-0.0955292990583193,1.4425214443135264
228,1.29,2.61,0.28,2.14,-0.04,0.51,120.42,6.85,13.56,1.088535565,0.0792,0.1294,0.1563,0.1183,0.000550709,0.0066,0.002047083,0.0618,0.0623,0.00213126,-0.001863136,0.010496,0.007717,0.1718185582144688,0.7901159779533151,-0.008274481542964843,0.866089837172244,-0.16136817288190258,0.4964038361752645
229,11.3,1.92,-3.66,0.29,-0.34,0.59,133.71,6.85667,13.2533,0.983745412,0.0771,0.1212,0.1473,0.1112,0.006557832,0.006425,0.003064351,0.0634,0.0759,0.006125979,-0.001834703,0.113863,0.111235,2.452517971654264,0.560987502242821,-1.413796491797704,0.01664786717153164,-0.31330403555171016,0.7991614707795082
230,4.67,4.43,-1.87,-0.97,0.27,0.63,138.54,6.86333,12.9467,0.938726811,0.0807,0.1168,0.143,0.1125,0.000958155,0.006725,-0.00203666,-0.0002,0.0201,0.005491651,-0.00185838,0.045754,0.037554,0.9419248536616723,1.3944838414215752,-0.7752471521134443,-0.5618909880721967,-0.00436778145643476,0.9505402880816302
231,0.55,-0.04,-0.02,-0.01,1.02,0.67,140.64,6.87,12.64,0.932214727,0.0794,0.1183,0.1414,0.1095,0.002990053,0.006616667,-0.004081633,0.0312,0.0108,0.002490242,-0.001346349,0.016835,0.014676,0.0032154047733650537,-0.08987019687684354,-0.11529392394814804,-0.12109947931507035,0.3754718752180841,1.1019191053837523
232,3.6,3.35,-0.75,-1.55,-0.58,0.69,145.3,6.88333,12.5667,0.906944315,0.0786,0.1179,0.1394,0.1113,0.00219476,0.00655,0.00204918,-0.0309,-0.0094,0.003280872,-0.00136351,0.035293,0.033317,0.6981338074698061,1.035847966396454,-0.3757079004674271,-0.8282025246129606,-0.4348527256875562,1.1776085140348127
233,2.59,2.92,0.7,-0.52,1.05,0.62,148.06,6.89667,12.4933,0.876849239,0.0811,0.1201,0.1395,0.106,0.000355881,0.006758333,0.001022495,0.0492,0.0428,0.001911616,-0.001380987,0.025733,0.018539,0.468013287232624,0.8930577568957111,0.1415527378242916,-0.3552699683422938,0.3906654614850649,0.9126955837560996
234,2.82,1.37,2.02,-0.17,2.74,0.63,152.96,6.91,12.42,0.780067786,0.0835,0.1173,0.1361,0.1083,0.005993542,0.006958333,0.0,-0.0094,0.0072,0.001571824,-0.001214853,0.03547,0.032459,0.520416970058913,0.3783488621837315,0.6124382844070977,-0.1945647307745914,1.2465708211916475,0.9505402880816302
235,6.67,0.48,0.49,-0.11,1.42,0.71,164.42,6.92,12.4767,0.71888762,0.0821,0.1151,0.1329,0.1051,0.006626844,0.006841667,0.007150153,0.035,0.0548,0.001423778,-0.000870607,0.075719,0.074655,1.397609052151142,0.08280633554265929,0.06663912814066338,-0.167015261477271,0.5780530254444942,1.2532979226858738
236,0.52,6.3,-1.4,-1.84,-1.51,0.69,162.39,6.93,12.5333,0.734595577,0.0819,0.1146,0.1309,0.1112,0.010428913,0.006825,0.006085193,-0.0386,-0.0324,0.001084624,-0.000639872,-0.005687,-0.0121,-0.0036198582039769956,2.01545521762248,-0.6075833590119907,-0.9613582928833425,-0.9058538999639596,1.1776085140348127
237,3.07,1.18,-3.9,2.6,-0.87,0.67,168.11,6.94,12.59,0.721382042,0.0879,0.1174,0.1337,0.1119,0.015826551,0.007325,0.003024194,0.0039,-0.0046,0.001399148,-0.000827812,0.03697,0.033719,0.5773774948700966,0.3152555137996823,-1.4994120457218505,1.077302435118367,-0.5817240596017035,1.1019191053837523
238,-4.07,1.01,5.62,-0.14,2.81,0.74,162.56,6.96,12.8267,0.735061123,0.0908,0.1215,0.1339,0.1198,0.025380209,0.007566667,0.004020101,-0.0486,-0.0455,0.002292858,-0.001245016,-0.031238,-0.032321,-1.0494150937373097,0.258803570508691,1.8966715932692957,-0.18078999612593122,1.2820225224812694,1.3668320356624653
239,-0.5,-4.32,5.54,0.51,1.9,0.76,164.4,6.98,13.0633,0.724822392,0.0934,0.1251,0.1364,0.121,0.019474631,0.007783333,0.003003003,0.002,0.0051,0.001369031,-0.001300675,0.015864,0.009484,-0.23601879943360646,-1.511130886791213,1.8681330752945802,0.11766258792837311,0.8211504057161862,1.4425214443135264
240,0.91,0.3,1.01,1.24,0.5,0.76,166.07,7.0,13.3,0.714847583,0.09,0.1237,0.1355,0.1157,0.023178393,0.0075,0.00499002,0.0505,0.0392,0.001057274,-0.001828432,0.014105,0.010838,0.08523856050146957,0.023033689705139075,0.25213949497631427,0.45284779771243794,0.11211637992375102,1.4425214443135264
241,-3.44,-3.77,4.97,-0.77,2.96,0.76,163.55,7.03,13.5433,0.719474372,0.0864,0.1225,0.1346,0.1188,0.024744376,0.0072,0.002979146,-0.0132,-0.0025,0.001115354,-0.001702248,-0.013108,-0.014695,-0.9058745712131268,-1.3284922467321236,1.664796134724732,-0.47005942374779547,1.357990453816173,1.4425214443135264
242,2.16,1.87,-0.72,-0.67,0.66,0.7,166.4,7.06,13.7867,0.690819893,0.0876,0.1241,0.1361,0.1176,0.026636827,0.0073,0.001980198,0.0183,0.0142,0.000836286,-0.001596236,0.023846,0.017363,0.37004118455738805,0.5443839895101765,-0.3650059562269088,-0.42414364158559476,0.19314884001431507,1.2154532183603433
243,-1.78,-0.45,1.73,1.64,1.27,0.73,164.93,7.09,14.03,0.700359118,0.09,0.1257,0.1375,0.1197,0.027056897,0.0075,0.000988142,-0.0059,-0.0033,0.000528107,-0.001693727,-0.005749,-0.008699,-0.527656686466867,-0.22601900128452848,0.5089861567487539,0.6365109263612406,0.5020850941095905,1.3289873313369347
244,-1.92,-0.04,7.58,-0.89,2.92,0.76,163.41,7.12,14.44,0.722197644,0.089,0.122,0.1365,0.118,0.030736005,0.007416667,0.005923001,0.0244,0.027,0.000794619,-0.002095333,-0.003898,-0.005657,-0.5595545803611298,-0.08987019687684354,2.5958652836498257,-0.5251583623424362,1.3377323387935318,1.4425214443135264
245,-4.82,-1.59,3.33,0.9,1.58,0.71,157.06,7.15,14.85,0.763448031,0.0909,0.1208,0.1359,0.1217,0.026701748,0.007575,0.004906771,-0.0178,-0.0172,0.002019467,-0.001928468,-0.034034,-0.039505,-1.2202966681708607,-0.6045790915888232,1.0797565162430642,0.29673413836095575,0.6590854855350583,1.2532979226858738
246,0.63,-0.29,0.46,-0.96,1.17,0.73,159.18,7.18,15.26,0.762475427,0.0952,0.1257,0.1399,0.1253,0.024104936,0.007933333,0.001953125,-0.0156,-0.0235,0.001354587,-0.002007952,0.017295,0.013714,0.021442772712943828,-0.17288776054006605,0.055937183900145064,-0.5572994098559767,0.4514398065529879,1.3289873313369347
247,-0.51,-0.95,1.2,3.34,0.76,0.81,160.05,7.22333,15.5733,0.758658979,0.0969,0.1281,0.1431,0.1284,0.022681955,0.008075,0.004873294,-0.0105,-0.0073,0.00103554,-0.001914722,0.006781,0.005229,-0.2382972204260538,-0.39205412861097355,0.3199184751662636,1.417079223118652,0.2437941275709176,1.6317449659411787
248,-5.97,0.13,0.31,2.36,-0.46,0.78,150.55,7.26667,15.8867,0.803910033,0.0983,0.1328,0.1474,0.1381,0.021514128,0.008191667,0.002909796,-0.0516,-0.0483,0.000933049,-0.001741515,-0.053131,-0.059544,-1.4823150823023057,-0.03341825358585223,0.002427462697553465,0.9671045579290853,-0.37407838061963317,1.5182108529645872
249,1.82,0.11,-2.66,3.17,-1.56,0.75,153.18,7.31,16.2,0.784351819,0.0987,0.1355,0.1505,0.1374,0.001304065,0.008225,0.002901354,0.015,0.0199,0.001675744,-0.001879243,0.022937,0.018709,0.2925748708141782,-0.04005965867891004,-1.05706501711376,1.3390223934429109,-0.9311765437422609,1.4046767399879958
250,-2.74,-2.22,0.36,3.55,-2.15,0.82,150.66,7.33333,16.32,0.796391937,0.1012,0.1344,0.1515,0.1293,-0.001862142,0.008433333,0.003857281,0.0693,0.0586,0.000865665,-0.0013404,-0.013765,-0.015641,-0.7463851017418124,-0.813783352020144,0.02026403643175066,1.5135023656592732,-1.2299837403262155,1.6695896702667088
251,10.28,-0.26,-1.82,-0.68,-0.92,0.83,166.68,7.35667,16.44,0.72542838,0.1047,0.1287,0.1463,0.127,-0.003100833,0.008725,0.003842459,0.0266,0.0307,0.003126833,-0.001444511,0.112438,0.105753,2.2201190304246343,-0.16292565290047936,-0.7574105783792472,-0.4287352198018148,-0.6070467033800049,1.7074343745922393
252,-0.8,-0.03,5.28,1.37,2.41,0.86,166.1,7.38,16.56,0.736050915,0.1037,0.1266,0.1435,0.1235,-0.009492547,0.008641667,0.004784689,0.0342,0.0314,0.000943208,-0.00140754,-6.4e-05,-0.003292,-0.3043714292070269,-0.08654949433031464,1.775382891876755,0.5125383145232989,1.079441372254859,1.8209684875688308
253,-0.84,-1.44,0.45,1.18,-1.09,1.0,166.09,7.43,16.5867,0.735642466,0.0974,0.1263,0.1394,0.1173,-0.01352848,0.008116667,0.002857143,0.0561,0.0572,0.001291861,-0.001874357,0.003331,0.000216,-0.31348511317681627,-0.5547685533908897,0.052369869153305625,0.4252983284151175,-0.6931436922262291,2.3507943481262576
254,-1.76,-1.02,4.06,0.72,2.06,0.73,163.58,7.48,16.6133,0.747051996,0.0861,0.1229,0.1348,0.1169,-0.021877207,0.007175,0.0,0.0118,0.0212,0.001020283,-0.001626786,-0.009841,-0.01495,-0.5230998444819722,-0.41529904643667587,1.3401704927623432,0.2140857304689945,0.9021828658067503,1.3289873313369347
255,1.84,-0.65,-0.26,1.31,-1.36,0.64,167.24,7.53,16.64,0.733098376,0.0806,0.1213,0.134,0.117,-0.027196787,0.006716667,0.0,0.0091,0.0128,0.001190055,-0.001127664,0.025556,0.021843,0.2971317127990729,-0.29243305221510646,-0.20090947787229457,0.48498884522597846,-0.829885968629056,0.9883849924071606
256,7.99,3.51,-5.35,-0.89,-3.41,0.65,179.63,7.57333,16.5567,0.690255446,0.0776,0.1208,0.1326,0.1127,-0.029905005,0.006466667,0.001899335,0.0364,0.0325,0.001635854,-0.001548947,0.076868,0.074737,1.698360623154192,1.0889792071409161,-2.016672684013569,-0.5251583623424362,-1.8681143635394077,1.0262296967326912
257,1.22,1.04,-0.1,1.29,1.06,0.58,181.19,7.61667,16.4733,0.691739161,0.0827,0.1213,0.1323,0.1209,-0.024518917,0.006891667,0.004739336,-0.0493,-0.0373,0.000745303,-0.001542955,0.014166,0.008886,0.15586961126733734,0.26876567814827773,-0.14383244192286357,0.4758056887935383,0.3957299902407252,0.7613167664539776
258,-0.84,-1.39,4.07,1.23,2.88,0.62,180.66,7.66,16.39,0.723645779,0.0852,0.1256,0.1369,0.1181,-0.024815769,0.0071,0.003773585,0.0307,0.0179,0.000802261,-0.00187506,-0.000636,-0.00398,-0.31348511317681627,-0.5381650406582451,1.3437378075091828,0.44825621949621786,1.3174742237708907,0.9126955837560996
259,-0.96,-0.1,3.72,1.55,0.71,0.72,179.83,7.68667,16.13,0.72866159,0.0795,0.1223,0.1351,0.1162,-0.022411793,0.006625,0.004699248,0.0242,0.0296,0.000459898,-0.00207819,-0.003704,-0.005413,-0.34082616508618446,-0.10979441215601696,1.2188817913698025,0.59518672241526,0.2184714837926163,1.2911426270114041
260,5.09,-2.31,-0.96,1.33,-1.49,0.66,189.55,7.71333,15.87,0.696892984,0.0748,0.1172,0.1315,0.1062,-0.025480931,0.006233333,0.003741815,0.0896,0.082,0.000833861,-0.002188642,0.06274,0.056847,1.037618535344461,-0.8436696749389041,-0.45062151015105534,0.49417200165841857,-0.8957248424526392,1.0640744010582217
261,1.27,0.35,0.38,1.76,-0.77,0.55,191.85,7.74,15.61,0.686430144,0.0695,0.1094,0.124,0.1055,-0.026607514,0.005791667,0.002795899,0.0142,0.0083,0.000741523,-0.002195965,0.016065,0.012925,0.1672617162295741,0.03963720243778358,0.027398665925429545,0.6916098649558814,-0.531078772045101,0.6477826534773865
262,-0.74,2.87,-1.62,-0.42,-0.38,0.62,190.92,7.77333,15.4833,0.68032209,0.0708,0.1097,0.1243,0.1091,-0.024638663,0.0059,0.001858736,-0.018,-0.0121,0.000718633,-0.00212819,-0.003321,-0.005235,-0.2907009032523428,0.8764542441630666,-0.6860642834424584,-0.3093541861800931,-0.3335621505743512,0.9126955837560996
263,-1.02,-0.29,2.32,-0.1,1.83,0.55,188.63,7.80667,15.3567,0.687176258,0.0714,0.1105,0.125,0.1068,-0.024227473,0.00595,0.001855288,0.0259,0.026,0.000629705,-0.002259476,-0.006473,-0.011871,-0.35449669104086856,-0.17288776054006605,0.7194577268122808,-0.16242368326105097,0.7856987044265645,0.6477826534773865
264,-4.54,-1.8,1.29,1.14,1.64,0.6,182.08,7.84,15.23,0.68995883,0.071,0.1107,0.1248,0.1082,-0.031294354,0.005916667,0.002777778,-0.0021,0.0071,0.000865848,-0.002121274,-0.033248,-0.036197,-1.156500880382335,-0.6743138450659301,0.3520243078878186,0.4069320155502372,0.6894726580690197,0.8370061751050386
265,4.02,-1.5,0.75,0.89,-1.06,0.65,189.82,7.86,15.0233,0.667025635,0.0716,0.1102,0.1236,0.1051,-0.027069342,0.005966667,0.003693444,0.0338,0.0329,0.000911758,-0.001917188,0.045079,0.042653,0.7938274891525946,-0.5746927686700631,0.15938931155848882,0.29214256014473566,-0.6779501059592483,1.0262296967326912
266,6.48,0.02,-2.85,0.33,-2.32,0.61,202.17,7.88,14.8167,0.622703158,0.0724,0.1055,0.1199,0.1011,-0.027715873,0.006033333,0.00275989,0.0401,0.037,0.000943072,-0.001814477,0.071887,0.06663,1.3543190532946423,-0.06994598159767014,-1.1248439973037094,0.03501418003641192,-1.31608072917244,0.8748508794305692
267,3.88,-0.41,-1.54,0.99,-1.8,0.65,211.28,7.9,14.61,0.592692688,0.071,0.1016,0.1158,0.0956,-0.019465082,0.005916667,0.002752294,0.0541,0.0469,0.001230101,-0.001721356,0.048156,0.045156,0.7619295952583318,-0.21273619109841288,-0.6575257654677429,0.33805834230693627,-1.052725233878107,1.0262296967326912
268,0.65,1.01,0.44,-2.0,-2.03,0.56,211.78,7.94,14.58,0.5835174,0.0707,0.1005,0.1144,0.0958,-0.019171777,0.005891667,0.002744739,-0.0025,0.0045,0.001920144,-0.001847265,0.004706,0.002962,0.025999614697838527,0.258803570508691,0.04880255440646618,-1.0348235443428637,-1.1692093952582925,0.6856273578029171
269,7.13,-0.71,-0.72,1.06,-1.2,0.53,226.92,7.98,14.55,0.536376722,0.0706,0.0967,0.1111,0.0841,-0.017914257,0.005883333,-0.002737226,0.1145,0.0752,0.001089309,-0.001991718,0.076525,0.071556,1.5024164178037198,-0.3123572674942799,-0.3650059562269088,0.3701993898204768,-0.7488535085384918,0.5720932448263255
270,4.88,-0.66,-0.39,1.21,0.92,0.6,238.9,8.02,14.52,0.519627628,0.0656,0.09,0.105,0.0766,-0.016419622,0.005466667,-0.004574565,0.077,0.0256,0.001373753,-0.001918316,0.055832,0.05332,0.9897716945030666,-0.2957537547616354,-0.24728456958120731,0.43907306306377775,0.32482658766148165,0.8370061751050386
271,-1.31,2.84,-2.87,2.91,0.03,0.52,235.52,8.04667,14.5833,0.529714459,0.0606,0.0879,0.1019,0.0782,-0.024584783,0.00505,-0.001838235,-0.008,0.0016,0.002458975,-0.002229328,-0.013348,-0.015054,-0.42057089982184165,0.8664921365234798,-1.1319786267973884,1.219641359821189,-0.1259164715922808,0.5342485405007951
272,4.62,-1.29,-0.21,2.13,1.08,0.49,247.35,8.07333,14.6467,0.503540771,0.0615,0.0909,0.1029,0.0848,-0.021871955,0.005125,0.002762431,-0.0505,-0.0164,0.001369939,-0.002216698,0.055326,0.050804,0.9305327486994356,-0.5049580151929561,-0.1830729041380974,0.8614982589560238,0.4058590477520457,0.4207144275242035
273,1.03,-0.89,1.28,1.8,0.87,0.52,250.84,8.1,14.71,0.499281457,0.0621,0.0913,0.1034,0.079,-0.012293237,0.005175,0.005509642,0.0613,0.0218,0.001596568,-0.002562187,0.015744,0.01331,0.11257961241083775,-0.3721299133318001,0.3484569931409791,0.7099761778207617,0.29950394388318036,0.5342485405007951
274,-6.45,-3.46,4.7,-0.54,0.84,0.52,236.12,8.14333,14.7567,0.532301401,0.0583,0.0888,0.1016,0.0809,-0.011286033,0.004858333,0.0,-0.0108,0.0031,0.002415862,-0.002356723,-0.057541,-0.059378,-1.5916792899397785,-1.2255504677897275,1.5684786365600674,-0.3644531247747339,0.2843103576161996,0.5342485405007951
275,6.07,-4.35,3.51,-1.66,3.21,0.46,252.93,8.18667,14.8033,0.497803344,0.0553,0.0872,0.1018,0.0763,-0.009676952,0.004608333,0.001826484,0.0499,0.0275,0.001260621,-0.002633002,0.074417,0.070076,1.260903792604301,-1.5210929944307996,1.143968181686174,-0.8787098849913814,1.4846036727076792,0.3071803145476122
276,-8.6,2.05,3.22,-0.08,3.71,0.45,231.32,8.23,14.85,0.534629267,0.0521,0.0889,0.102,0.0827,-0.00513866,0.004341667,0.004557885,-0.05,-0.0114,0.004207378,-0.00237943,-0.083243,-0.085664,-2.081539803315958,0.6041566353476967,1.0405160540278304,-0.15324052682861083,1.7378301104906917,0.2693356102220817
277,4.66,-2.33,-1.42,-0.05,1.0,0.46,243.98,8.24667,14.7267,0.503245802,0.0518,0.0886,0.1024,0.0803,-0.008024504,0.004316667,0.000907441,0.0289,0.0189,0.000990613,-0.002256776,0.056538,0.053813,0.939646432669225,-0.8503110800319619,-0.6147179885056695,-0.13946579217995062,0.36534281770676363,0.3071803145476122
278,1.17,-1.88,-0.07,1.09,0.67,0.39,249.22,8.26333,14.6033,0.493671084,0.0535,0.0868,0.1007,0.0779,-0.002124438,0.004458333,0.000906618,0.0267,0.0233,0.001730877,-0.002409017,0.024876,0.019717,0.1444775063051006,-0.7008794654381613,-0.13313049768234522,0.383974124469137,0.19821336876997533,0.04226738426889888
279,-3.27,0.12,0.36,0.79,0.09,0.49,242.17,8.28,14.48,0.498430866,0.0553,0.0849,0.0997,0.0789,-0.011375999,0.004608333,0.000905797,-0.0018,0.0117,0.001262324,-0.002240325,-0.027513,-0.030174,-0.8671414143415218,-0.03673895613238114,0.02026403643175066,0.24622677798253498,-0.0955292990583193,0.4207144275242035
280,12.47,-1.54,-3.16,0.17,-1.0,0.42,274.08,8.3,14.6867,0.437897351,0.0543,0.0836,0.0972,0.0778,-0.005840659,0.004525,0.006334842,0.0161,0.0216,0.002478285,-0.0020475,0.135183,0.133724,2.719093227770604,-0.5879755788561787,-1.2354307544557321,-0.03845107142310914,-0.6475629334252868,0.1558014972454902
281,4.39,3.4,-5.91,-0.76,-2.66,0.43,284.2,8.32,14.8933,0.424911983,0.0559,0.0838,0.0965,0.0763,-0.004505936,0.004658333,0.003597122,0.0202,0.0058,0.001412264,-0.002041947,0.041778,0.037845,0.8781290658731465,1.0524514791290982,-2.216442309836578,-0.4654678455315754,-1.4882747068648887,0.1936462015710207
282,1.64,0.28,1.61,1.36,4.14,0.47,291.7,8.34,15.1,0.428040214,0.0559,0.0836,0.0961,0.0795,-0.00221743,0.004658333,0.004480287,-0.0223,-0.0087,0.001971102,-0.002037288,0.026336,0.023832,0.2515632929501259,0.01639228461208129,0.46617837978668064,0.5079467363070788,1.9556048469840825,0.3450250188731425
283,-2.11,-1.54,-0.39,-0.49,1.05,0.44,288.36,8.4,14.8733,0.431471859,0.0564,0.0885,0.1004,0.0859,0.004493005,0.0047,0.005352364,-0.0473,-0.0502,0.004193838,-0.001725468,-0.009045,-0.011093,-0.6028445792176295,-0.5879755788561787,-0.24728456958120731,-0.34149523369363355,0.3906654614850649,0.2314909058965512
284,0.11,-0.56,0.23,0.51,1.14,0.38,290.1,8.46,14.6467,0.430490886,0.0566,0.0933,0.1051,0.088,0.006940958,0.004716667,0.003549246,-0.0105,-0.0052,0.002489211,-0.001669804,0.009128,0.005199,-0.09703511889431826,-0.2625467292963464,-0.026111055277162048,0.11766258792837311,0.4362462202860071,0.004422679943368378
285,3.94,-2.21,1.04,1.7,0.84,0.48,304.0,8.52,14.42,0.407892397,0.0567,0.0932,0.1052,0.0877,0.005202462,0.004725,0.003536693,0.0098,0.0155,0.001070387,-0.001750249,0.05014,0.047654,0.7756001212130159,-0.810462649473615,0.26284143921683256,0.664060395658561,0.2843103576161996,0.382869723198673
286,3.85,-1.14,0.68,-0.61,1.61,0.46,318.66,8.56667,14.9,0.383543216,0.0569,0.0942,0.1061,0.0907,0.001882197,0.004741667,0.002643172,-0.0178,-0.0119,0.000818162,-0.001654334,0.049843,0.047883,0.7550943322809899,-0.4551474769950226,0.13441810833061274,-0.3965941722882743,0.674279071802039,0.3071803145476122
287,3.52,-0.94,-0.93,2.04,-1.61,0.47,329.8,8.61333,15.38,0.37045382,0.0604,0.0967,0.108,0.0936,0.001997436,0.005033333,0.005272408,-0.0165,-0.0075,0.001776142,-0.001639377,0.039108,0.035441,0.6799064395302273,-0.3887334260644446,-0.43991956591053705,0.8201740550100433,-0.9564991875205622,0.3450250188731425
288,-2.59,0.38,0.27,-0.97,1.87,0.45,321.83,8.66,15.86,0.379966722,0.064,0.1018,0.1131,0.0992,0.006350332,0.005333333,0.005244755,-0.0369,-0.0422,0.002534827,-0.002827205,-0.02194,-0.024079,-0.7122087868551021,0.04959931007737029,-0.011841796289804285,-0.5618909880721967,0.8059568194492056,0.2693356102220817
289,-23.24,-8.07,4.24,2.04,2.34,0.6,251.79,8.71,16.4067,0.494850842,0.0613,0.1052,0.1162,0.0926,0.01047774,0.005108333,0.002608696,0.0623,0.0507,0.070945104,-0.002900643,-0.215795,-0.217944,-5.417148136258875,-2.756394341739551,1.4043821582054532,0.8201740550100433,1.0439896709652372,0.8370061751050386
290,-7.77,2.85,2.95,-1.88,0.68,0.35,230.3,8.76,16.9533,0.538027324,0.0569,0.1001,0.1123,0.0931,0.00989844,0.004741667,0.000867303,0.0037,0.0125,0.006785509,-0.002787493,-0.081874,-0.086541,-1.8924308609428284,0.8698128390700088,0.9441985558631656,-0.9797246057482227,0.20327789752563558,-0.10911143303322314
291,6.81,0.06,-4.43,2.96,-2.42,0.39,247.08,8.81,17.5,0.508812015,0.0577,0.1011,0.1129,0.092,0.013274756,0.004808333,0.0,0.0165,0.0212,0.006852202,-0.00270069,0.073922,0.071025,1.4295069460454046,-0.05666317141155454,-1.6884797273043408,1.2425992509022894,-1.3667260167290427,0.04226738426889888
292,4.21,-0.51,5.01,-1.14,2.13,0.29,257.07,8.85667,17.8633,0.503773835,0.0581,0.0988,0.1107,0.0852,0.008422745,0.004841667,0.002599653,0.0666,0.0517,0.009157585,-0.002431406,0.042712,0.041086,0.8371174880090944,-0.2459432165637019,1.6790653937120898,-0.6399478177479379,0.937634567096372,-0.33617965898640595
293,4.75,3.32,-1.71,1.56,-0.01,0.46,267.82,8.90333,18.2267,0.476197372,0.0566,0.094,0.1062,0.0854,0.008792264,0.004716667,0.002592913,0.0052,0.0138,0.001967352,-0.002464067,0.047445,0.040574,0.9601522216012511,1.025885858756867,-0.7181701161640133,0.5997783006314801,-0.14617458661492183,0.3071803145476122
294,-2.27,6.25,0.73,-0.25,1.8,0.44,258.89,8.95,18.59,0.507529954,0.057,0.0939,0.1057,0.0901,0.00608003,0.00475,0.004310345,-0.0307,-0.0188,0.001659188,-0.002572201,-0.030847,-0.033368,-0.6392993150967871,1.998851704889835,0.1522546820648099,-0.231297356504352,0.7705051181595838,0.2314909058965512
295,0.56,1.16,1.67,-0.2,1.92,0.46,261.33,9.043333333,19.61666667,0.49647449,0.0591,0.0967,0.109,0.0929,0.005063672,0.004925,0.005150215,-0.016,-0.0149,0.003459579,-0.002816256,0.010516,0.008773,0.005493825765812403,0.3086141087066245,0.4875822682677172,-0.20833946542325163,0.8312794632275068,0.3071803145476122
296,-0.29,-2.56,2.42,-0.74,0.33,0.51,262.16,9.136666667,20.64333333,0.496770255,0.0626,0.099,0.1104,0.0952,0.001347305,0.005216667,0.003415884,-0.0102,-0.0057,0.002555748,-0.002696618,0.008012,0.002882,-0.18817195859221217,-0.9266872386021265,0.7551308742806752,-0.4562846890991352,0.02601939107752675,0.4964038361752645
297,4.79,2.16,-1.24,1.47,-3.37,0.49,273.5,9.23,21.67,0.471118872,0.0646,0.0986,0.11,0.0917,-0.005397921,0.005383333,0.004255319,0.0368,0.0379,0.002361332,-0.002646697,0.047676,0.045068,0.9692659055710405,0.6406843633595146,-0.5505063230625596,0.5584540966854995,-1.8478562485167667,0.4207144275242035
298,-1.25,-0.21,2.22,-0.58,1.52,0.51,272.02,9.306666667,22.02333333,0.473991535,0.0673,0.0996,0.1111,0.0947,-0.002823128,0.005608333,0.004237288,-0.017,-0.0111,0.001910623,-0.002833901,-0.004458,-0.007393,-0.40690037386715755,-0.14632214016783487,0.6837845793438865,-0.3828194376396141,0.6286983130010967,0.4964038361752645
299,-3.31,-0.03,2.15,-0.82,1.76,0.59,261.52,9.383333333,22.37666667,0.496640662,0.0706,0.1011,0.1121,0.095,-0.006239752,0.005883333,0.004219409,0.0058,0.0054,0.001390326,-0.002837588,-0.032488,-0.03729,-0.8762550983113112,-0.08654949433031464,0.6588133761160103,-0.4930173148288957,0.7502470031369428,0.7991614707795082
300,3.3,-1.36,-0.75,1.76,-0.61,0.62,271.91,9.46,22.73,0.477540454,0.0724,0.0982,0.109,0.0917,-0.010001514,0.006033333,0.006722689,0.0345,0.0326,0.001192751,-0.002608375,0.042739,0.040086,0.6297811776963856,-0.5282029330186585,-0.3757079004674271,0.6916098649558814,-0.4500463119545369,0.9126955837560996
301,1.15,-2.95,2.05,1.3,1.03,0.61,278.97,9.556666667,23.07,0.469597189,0.0735,0.0951,0.1041,0.0889,-0.010462472,0.006125,0.003338898,0.0308,0.0273,0.00163151,-0.002312865,0.026891,0.023328,0.1399206643202059,-1.0561946379167537,0.6231402286476159,0.4803972670097584,0.3805364039737444,0.8748508794305692
302,-2.29,-1.65,1.41,-0.28,1.62,0.57,273.7,9.653333333,23.41,0.47717911,0.0776,0.0945,0.1048,0.0923,-0.007764956,0.006466667,0.000831947,-0.0196,-0.0169,0.001348001,-0.002435042,-0.014355,-0.01977,-0.6438561570816818,-0.6245033068679966,0.3948320848498918,-0.24507209115301218,0.6793436005576993,0.7234720621284471
303,1.49,2.01,-1.69,0.69,-0.38,0.63,277.72,9.75,23.75,0.465283574,0.0807,0.0957,0.1065,0.0918,-0.021405747,0.006725,0.00166251,0.011,0.0039,0.000628121,-0.002291317,0.018553,0.015184,0.21738697806341573,0.590873825161581,-0.7110354866703343,0.2003109958203343,-0.3335621505743512,0.9505402880816302
304,6.1,-2.31,0.6,-0.95,0.14,0.55,297.47,9.837,24.15333333,0.430769493,0.0827,0.0962,0.1065,0.0903,-0.022360511,0.006891667,0.004979253,0.0203,0.0202,0.000964584,-0.002542386,0.072303,0.069633,1.267739055581643,-0.8436696749389041,0.1058795903558972,-0.5527078316397566,-0.07020665528001804,0.6477826534773865
305,-2.25,2.71,1.01,-0.87,1.81,0.61,288.86,9.924,24.55666667,0.446778457,0.0853,0.0964,0.1061,0.0935,-0.024823372,0.007108333,0.004128819,-0.0179,-0.0129,0.00117607,-0.002279539,-0.025031,-0.029187,-0.6347424731118924,0.8233230034186041,0.25213949497631427,-0.515975205909996,0.7755696469152441,0.8748508794305692
306,1.57,0.68,0.58,0.05,0.72,0.67,294.87,10.011,24.96,0.468691414,0.0882,0.098,0.1067,0.0929,-0.023102134,0.00735,0.005756579,0.0122,0.0064,0.001286451,-0.002380447,0.023038,0.02044,0.23561434600299452,0.14922038647323732,0.09874496086221832,-0.09355001001774996,0.22353601254827657,1.1019191053837523
307,4.33,-0.78,-1.42,0.71,-0.57,0.67,309.64,10.13,25.04666667,0.444435257,0.0865,0.0979,0.1061,0.0918,-0.022801967,0.007208333,0.006541292,0.0159,0.0213,0.00095561,-0.002644687,0.051707,0.049899,0.8644585399184626,-0.33560218531998226,-0.6147179885056695,0.20949415225277443,-0.4297881969318959,1.1019191053837523
308,3.35,-0.01,-0.88,0.49,-0.08,0.79,320.52,10.249,25.13333333,0.433441526,0.0843,0.0957,0.1046,0.0878,-0.028036254,0.007025,0.005686434,0.0401,0.0379,0.001073057,-0.002703956,0.041022,0.035451,0.6411732826586224,-0.07990808923725685,-0.4220829921763399,0.10847943149593298,-0.1816262879045436,1.5560555572901178
309,-1.35,-1.09,2.25,0.27,1.56,0.71,317.98,10.368,25.22,0.440562937,0.0815,0.091,0.1003,0.0821,-0.023936641,0.006791667,0.002423263,0.055,0.0395,0.001429536,-0.002694326,-0.005611,-0.00794,-0.42968458379163105,-0.4385439642623782,0.6944865235844048,0.007464710739091524,0.6489564280237378,1.2532979226858738
310,7.2,-4.15,-2.79,1.98,-0.58,0.7,346.08,10.49,24.71,0.404035089,0.0788,0.0893,0.0987,0.0801,-0.028525592,0.006566667,0.002417405,0.0238,0.0178,0.001018823,-0.002575629,0.090053,0.088194,1.5183653647508513,-1.4546789435002219,-1.1034401088226728,0.7926245857127229,-0.4348527256875562,1.2154532183603433
311,1.44,0.48,0.6,0.39,-0.58,0.74,351.45,10.612,24.2,0.39272706,0.079,0.0896,0.0988,0.0841,-0.024811706,0.006583333,0.001607717,-0.0259,-0.0163,0.001380458,-0.002667298,0.019853,0.015516,0.20599487310117898,0.08280633554265929,0.1058795903558972,0.06256364933373232,-0.4348527256875562,1.3668320356624653
312,-0.76,0.49,-1.27,1.4,0.5,0.65,349.15,10.734,23.69,0.39920975,0.0775,0.0901,0.0991,0.0847,-0.025736589,0.006458333,0.003210273,0.0019,0.004,0.000550205,-0.002756619,-0.004004,-0.006616,-0.2952577452372375,0.08612703808918819,-0.5612082673030779,0.526313049171959,0.11211637992375102,1.0262296967326912
313,-3.67,-3.3,-1.11,0.11,-0.04,0.68,340.36,10.841,23.41666667,0.406414929,0.0764,0.0892,0.0981,0.081,-0.02433982,0.006366667,0.0048,0.0379,0.0276,0.00563595,-0.002548915,-0.023639,-0.025668,-0.9582782540394157,-1.1724192270452651,-0.5041312313536469,-0.06600054072042956,-0.16136817288190258,1.1397638097092826
314,1.03,-1.29,-1.09,-0.86,1.41,0.69,345.99,10.948,23.14333333,0.397225702,0.0769,0.0889,0.0981,0.0808,-0.027022111,0.006408333,0.002388535,0.0078,0.007,0.000844816,-0.002666404,0.020479,0.016641,0.11257961241083775,-0.5049580151929561,-0.4969966018599681,-0.511383627693776,0.5729884966888339,1.1776085140348127
315,1.16,-2.27,0.16,-0.07,1.42,0.61,353.4,11.055,22.87,0.390454744,0.0763,0.0886,0.0982,0.0816,-0.012323107,0.006358333,0.001588562,-0.0006,0.0006,0.000923443,-0.002928834,0.022657,0.019988,0.14219908531265324,-0.8303868647527884,-0.05108225850503813,-0.14864894861239075,0.5780530254444942,0.8748508794305692
316,-7.85,-1.31,0.85,-1.17,1.35,0.57,329.08,11.14266667,22.47,0.414971396,0.0764,0.0899,0.0994,0.0865,-0.013791937,0.006366667,0.010309278,-0.0343,-0.0191,0.002892101,-0.002860195,-0.067661,-0.069407,-1.9106582288824068,-0.511599420286014,0.19506245902688316,-0.653722552396598,0.5426013241548725,0.7234720621284471
317,1.11,1.17,0.64,-0.03,-0.66,0.57,331.89,11.23033333,22.07,0.40917309,0.0774,0.0922,0.1014,0.0876,-0.011625709,0.00645,0.004709576,-0.0025,-0.0012,0.001008572,-0.002673868,0.013381,0.008986,0.13080698035041655,0.3119348112531534,0.12014884934325497,-0.13028263574751048,-0.4753689557328382,0.7234720621284471
318,1.83,1.62,-2.92,2.04,-1.02,0.64,339.94,11.318,21.67,0.471333956,0.079,0.0937,0.1021,0.0889,-0.010275461,0.006583333,0.00546875,-0.0044,-0.0011,0.001032254,-0.002364162,0.026588,0.02436,0.29485329180662556,0.46136642584695403,-1.1498152005315854,0.8201740550100433,-0.6576919909366072,0.9883849924071606
319,-3.36,-0.33,-2.59,1.78,-0.98,0.69,330.8,11.433,21.53333333,0.480284256,0.0777,0.0946,0.103,0.0924,-0.010132826,0.006475,0.001554002,-0.0202,-0.0191,0.000966789,-0.002323711,-0.024504,-0.026508,-0.8876472032735478,-0.18617057072618168,-1.032093813885884,0.7007930213883216,-0.6374338759139663,1.1776085140348127
320,8.42,-2.35,-3.83,1.57,-1.68,0.68,361.23,11.548,21.39666667,0.443569974,0.0774,0.0947,0.1041,0.0883,-0.001961175,0.00645,0.002327386,0.0415,0.0385,0.001361474,-0.002431405,0.097419,0.092408,1.7963327258294277,-0.8569524851250196,-1.4744408424939746,0.6043698788477002,-0.9919508888101839,1.1397638097092826
321,-1.09,1.35,-1.93,-1.03,-0.39,0.63,358.02,11.663,21.26,0.442949432,0.0773,0.0926,0.1022,0.0864,-0.00047416,0.006441667,0.005417957,0.023,0.0216,0.001350807,-0.002534271,-0.006754,-0.008921,-0.370445637988,0.37170745709067365,-0.796651040594481,-0.5894404573695172,-0.3386266793300114,0.9505402880816302
322,-1.9,-3.16,-0.03,-0.18,3.21,0.68,356.15,11.72,21.42,0.439212447,0.0762,0.0924,0.102,0.086,0.004918902,0.00635,0.003849115,0.0107,0.0102,0.001298437,-0.003474016,-0.004454,-0.006508,-0.5549977383762351,-1.1259293913938606,-0.11886123869498746,-0.19915630899081146,1.4846036727076792,1.1397638097092826
323,-10.15,-3.87,1.64,-0.35,2.96,0.66,322.56,11.777,21.58,0.488073563,0.0745,0.0941,0.1041,0.092,0.001476804,0.006208333,0.009202454,-0.0419,-0.0292,0.005827787,-0.003883251,-0.090801,-0.094897,-2.434695057145297,-1.3616992721974124,0.4768803240271989,-0.27721313866655256,1.357990453816173,1.0640744010582217
324,-6.12,-3.74,0.64,0.06,3.67,0.6,306.05,11.834,21.74,0.520289666,0.0736,0.0956,0.1064,0.0914,0.001391613,0.006133333,0.008358663,0.0117,0.0091,0.001984821,-0.003259189,-0.048959,-0.051213,-1.516491397189016,-1.318530139092537,0.12014884934325497,-0.08895843180152989,1.7175719954680508,0.8370061751050386
325,-1.92,-5.12,0.1,2.97,-0.3,0.68,304.0,11.918,21.60666667,0.522451921,0.0717,0.0953,0.1074,0.0898,-0.00045175,0.005975,0.006028636,0.0215,0.0132,0.004492789,-0.002621133,-0.003597,-0.00611,-0.5595545803611298,-1.776787090513525,-0.07248614698607476,1.2471908291185096,-0.29304592052906914,1.1397638097092826
326,6.35,0.07,-3.1,0.65,-4.74,0.57,322.22,12.002,21.47333333,0.498505655,0.0706,0.093,0.1062,0.0858,0.00092778,0.005883333,0.002247191,0.0402,0.0285,0.002439904,-0.002632085,0.064561,0.059897,1.3246995803928268,-0.05334246886502564,-1.2140268659746953,0.18194468295545405,-2.5416966880422214,0.7234720621284471
327,2.46,0.67,-1.7,2.73,-1.89,0.6,330.22,12.086,21.34,0.48449686,0.0674,0.0905,0.1043,0.0844,-0.001828469,0.005616667,0.0,0.0187,0.0167,0.000794596,-0.002338233,0.027987,0.024954,0.4383938143308085,0.14589968392670843,-0.7146028014171739,1.136992951929228,-1.098305992679049,0.8370061751050386
328,4.69,3.91,-1.6,1.28,-3.99,0.52,343.93,12.094,21.20666667,0.4663078,0.0622,0.0904,0.1045,0.0837,0.000648772,0.005183333,0.005979073,0.013,0.015,0.003193592,-0.002249987,0.045001,0.043063,0.9464816956465671,1.2218073090020722,-0.6789296539487795,0.4712141105773182,-2.161857031367702,0.5342485405007951
329,7.19,3.94,-0.58,-0.2,-0.33,0.48,367.07,12.102,21.07333333,0.442720441,0.0594,0.0883,0.1007,0.0841,0.001178977,0.00495,0.001485884,0.003,0.0121,0.002431299,-0.002246686,0.071565,0.067371,1.5160869437584041,1.2317694166416588,-0.31506354977115664,-0.20833946542325163,-0.30823950679604994,0.382869723198673
330,2.65,3.83,-1.39,-0.53,-1.06,0.44,375.22,12.11,20.94,0.4571256,0.0591,0.0893,0.1009,0.0844,0.003262045,0.004925,0.00148368,0.0038,0.0108,0.001375058,-0.002470106,0.024354,0.022312,0.4816838131873081,1.1952416886298411,-0.6040160442651512,-0.3598615465585138,-0.6779501059592483,0.2314909058965512
331,-0.28,0.31,1.5,0.62,0.74,0.53,375.35,12.12233333,20.43,0.461239599,0.0565,0.0886,0.0994,0.0837,0.00574077,0.004708333,0.001481481,0.014,0.0138,0.002072789,-0.00232518,0.002268,0.000214,-0.18589353759976482,0.02635439225166798,0.4269379175714468,0.16816994830679385,0.23366507005959708,0.5720932448263255
332,3.65,0.14,-0.52,2.0,-2.43,0.47,389.83,12.13466667,19.92,0.439966969,0.0546,0.0886,0.0986,0.0845,0.006798781,0.00455,0.00295858,0.0,0.0039,0.001585206,-0.002647003,0.04293,0.038759,0.7095259124320429,-0.03009755103932333,-0.29365966129012,0.801807742145163,-1.3717905454847028,0.3450250188731425
333,-4.94,0.24,1.15,1.79,0.65,0.42,371.16,12.147,19.41,0.458243743,0.0557,0.0901,0.0996,0.086,0.014082172,0.004641667,0.002949853,-0.0063,-0.0018,0.001179879,-0.002382857,-0.045357,-0.047498,-1.2476377200802289,0.0031094744259656725,0.30208190143206637,0.7053845996045416,0.18808431125865482,0.1558014972454902
334,4.24,-0.96,-1.32,1.6,-1.36,0.49,387.81,12.18966667,18.88,0.440356782,0.0558,0.09,0.0989,0.085,0.014676843,0.00465,0.001470588,0.0157,0.0167,0.001105341,-0.00216219,0.046526,0.044799,0.8439527509864364,-0.39537483115750244,-0.5790448410372752,0.6181446134963604,-0.829885968629056,0.4207144275242035
335,2.32,1.4,-0.78,0.84,-0.34,0.46,395.43,12.23233333,18.35,0.437639637,0.0533,0.0875,0.0965,0.0818,0.017176133,0.004441667,0.002936858,0.034,0.0275,0.002037667,-0.002069453,0.023885,0.019912,0.4064959204365456,0.38831096982331814,-0.3864098447079454,0.2691846690636353,-0.31330403555171016,0.3071803145476122
336,-1.59,1.56,-1.08,-1.82,0.08,0.46,387.86,12.275,17.82,0.441531837,0.0522,0.0861,0.0951,0.079,0.022991536,0.00435,0.004392387,0.0303,0.0271,0.00047469,-0.001770907,-0.016861,-0.019061,-0.48436668761036733,0.4414422105677806,-0.4934292871131286,-0.9521751364509023,-0.10059382781397955,0.3071803145476122
337,1.29,0.91,-0.47,-1.7,-0.23,0.42,392.46,12.251,17.20333333,0.434003454,0.0499,0.0855,0.0949,0.0791,0.025218487,0.004158333,0.001457726,0.0054,0.0043,0.001125638,-0.002187142,0.013458,0.011899,0.1718185582144688,0.22559654504340207,-0.2758230875559228,-0.8970761978562616,-0.25759421923944736,0.1558014972454902
338,-4.19,-0.83,-1.89,1.11,0.01,0.39,375.22,12.227,16.58666667,0.46015449,0.0456,0.0848,0.0945,0.0789,0.030383515,0.0038,0.002911208,0.0082,0.0106,0.002049026,-0.001427475,-0.040214,-0.043973,-1.0767561456466779,-0.3522056980526267,-0.7823817816071232,0.39315728090157714,-0.13604552910360132,0.04226738426889888
339,10.84,-2.4,-4.17,3.55,-3.12,0.38,417.09,12.203,15.97,0.420344417,0.0407,0.0831,0.0926,0.073,0.031537729,0.003391667,0.000725689,0.0581,0.0436,0.002049522,-0.001253216,0.114089,0.111476,2.3477106060016855,-0.8735559978576641,-1.5957295438865156,1.5135023656592732,-1.7212430296252603,0.004422679943368378
340,-0.59,9.18,4.71,-1.32,3.2,0.34,408.79,12.24333333,16.04333333,0.413229678,0.038,0.082,0.0913,0.0776,0.031664925,0.003166667,0.001450326,-0.0324,-0.0173,0.000872455,-0.001272377,-0.018348,-0.019654,-0.2565245883656326,2.9718175510228027,1.5720459513069067,-0.7225962256398991,1.4795391439520191,-0.14695613735875343
341,1.09,1.33,6.47,0.08,2.19,0.28,412.7,12.28366667,16.11666667,0.407630525,0.0384,0.0829,0.0923,0.0777,0.033284242,0.0032,0.003620565,0.0051,0.0096,0.000913236,-0.001330752,0.012865,0.009442,0.12625013836552185,0.3650660519976159,2.199893346750648,-0.07977527536908974,0.9680217396303336,-0.3740243633119362
342,-2.66,-0.93,3.56,-0.01,1.95,0.34,403.69,12.324,16.19,0.402106034,0.0404,0.0835,0.0925,0.0797,0.041628264,0.003366667,0.005050505,-0.0094,-0.0073,0.00046976,-0.001250872,-0.01947,-0.021873,-0.7281577338022336,-0.3854127235179157,1.1618047554203714,-0.12109947931507035,0.8464730494944875,-0.14695613735875343
343,1.07,-5.7,4.34,1.69,2.23,0.32,414.95,12.32266667,16.47666667,0.387303472,0.0375,0.0833,0.0921,0.0803,0.038393921,0.003125,0.00143575,0.0016,0.0016,0.001661052,-0.001503195,0.028614,0.027157,0.12169329638062715,-1.9693878382122014,1.4400553056738474,0.6594688174423409,0.9882798546529746,-0.22264554600981443
344,0.3,0.21,1.19,-0.95,0.48,0.28,415.35,12.32133333,16.76333333,0.382998516,0.0363,0.0828,0.0913,0.0781,0.037081355,0.003025,0.001433692,0.0243,0.0254,0.000690033,-0.001587793,0.00485,0.001087,-0.05374512003781865,-0.006852633213621029,0.3163511604194241,-0.5527078316397566,0.10198732241243051,-0.3740243633119362
345,-2.34,-2.73,3.24,-0.05,1.01,0.32,408.14,12.32,17.05,0.392042354,0.0366,0.0822,0.0905,0.0765,0.042936625,0.00305,0.003579098,0.02,0.0156,0.000752919,-0.001273507,-0.01503,-0.017545,-0.6552482620439184,-0.9831391818931179,1.0476506835215094,-0.13946579217995062,0.3704073464624239,-0.22264554600981443
346,3.77,-0.62,-0.56,1.3,-0.91,0.31,424.21,12.345,17.38,0.3833487,0.0321,0.0807,0.0884,0.0726,0.041361011,0.002675,0.0021398,0.0398,0.0308,0.00089748,-0.001363662,0.040924,0.039465,0.7368669643414111,-0.2824709445755198,-0.30792892027747776,0.4803972670097584,-0.6019821746243444,-0.26049025033534495
347,-2.38,-0.42,-1.1,3.72,-1.65,0.26,414.03,12.37,17.71,0.399405037,0.0313,0.0795,0.0865,0.0725,0.042827463,0.002608333,0.002846975,0.0067,0.009,0.000369559,-0.001431469,-0.020615,-0.024214,-0.6643619460137078,-0.21605689364494177,-0.5005639166068075,1.5915591953350146,-0.9767573025432031,-0.4497137719629973
348,1.19,0.48,-0.26,1.64,-0.59,0.26,417.8,12.395,18.04,0.397656972,0.0291,0.0792,0.0862,0.071,0.041134984,0.002425,0.002838893,0.0185,0.0099,0.000872212,-0.001076155,0.01134,0.008916,0.1490343482899953,0.08280633554265929,-0.20090947787229457,0.6365109263612406,-0.43991725444321644,-0.4497137719629973
349,1.02,2.07,-1.98,1.24,-0.79,0.23,418.68,12.39166667,18.39,0.403251178,0.0286,0.0799,0.0884,0.0741,0.04097304,0.002383333,0.00353857,-0.0198,-0.0156,0.000944149,-0.000902112,0.004796,0.003455,0.1103011914183904,0.6107980404407545,-0.8144876143286781,0.45284779771243794,-0.5412078295564215,-0.5632478849395887
350,4.13,3.94,-1.35,-0.68,-1.59,0.23,431.35,12.38833333,18.74,0.393626458,0.0313,0.081,0.0896,0.0748,0.037870724,0.002608333,0.001410437,0.001,0.0069,0.0005081,-0.000836058,0.033794,0.030069,0.8188901200695156,1.2317694166416588,-0.5897467852777935,-0.4287352198018148,-0.9463701300092416,-0.5632478849395887
351,1.53,1.68,2.62,-0.48,0.84,0.28,435.71,12.385,19.09,0.394109614,0.0322,0.0798,0.0881,0.0726,0.03871373,0.002683333,-0.000704225,0.0246,0.0228,0.00047154,-0.001111524,0.01338,0.011197,0.22650066203320512,0.48129064112612735,0.8264771692174641,-0.3369036554774135,0.2843103576161996,-0.3740243633119362
352,0.93,1.93,5.94,-1.84,2.91,0.23,438.78,12.41633333,19.34,0.393048104,0.03,0.0791,0.0867,0.0725,0.041639223,0.0025,0.004933051,0.028,0.025,0.000348846,-0.001552239,0.007282,0.005964,0.08979540248636426,0.5643082047893498,2.010825665168158,-0.9613582928833425,1.3326678100378717,-0.5632478849395887
353,0.12,-3.45,6.42,-0.42,4.13,0.22,443.38,12.44766667,19.59,0.385960197,0.0293,0.0771,0.0839,0.0698,0.040615568,0.002441667,0.003506311,0.0354,0.0256,0.001146872,-0.001479341,0.013526,0.010361,-0.09475669790187091,-1.2222297652431988,2.1820567730164506,-0.3093541861800931,1.9505403182284224,-0.6010925892651192
354,2.3,0.09,1.18,-0.15,0.9,0.25,451.67,12.479,19.84,0.333613526,0.0295,0.0758,0.0815,0.0702,0.036995019,0.002458333,0.00349406,0.0021,0.0025,0.001004723,-0.001669026,0.021202,0.018578,0.4019390784516509,-0.04670106377196784,0.3127838456725847,-0.18538157434215127,0.3146975301501611,-0.4875584762885278
355,-3.05,-0.85,2.49,-3.61,1.38,0.24,440.19,12.49366667,19.67,0.334349806,0.0287,0.0746,0.0814,0.0701,0.039700073,0.002391667,0.002785515,0.0072,0.0052,0.001004798,-0.001446284,-0.024519,-0.02578,-0.8170161525076801,-0.35884710314568447,0.7801020775085513,-1.7740676371542943,0.5577949104218531,-0.5254031806140582
356,2.89,1.9,-3.42,-0.12,-1.04,0.22,450.19,12.50833333,19.5,0.324882421,0.0296,0.0743,0.0821,0.0701,0.040144274,0.002466667,0.001388889,0.0047,0.002,0.000817304,-0.001650007,0.026259,0.022549,0.5363659170060444,0.5543460971497631,-1.3281809378735574,-0.17160683969349108,-0.6678210484479278,-0.6010925892651192
357,0.31,0.13,2.75,-0.92,1.21,0.25,450.53,12.523,19.33,0.325931248,0.0307,0.0733,0.0807,0.0668,0.041047893,0.002558333,0.001386963,0.0449,0.0293,0.000573817,-0.00174797,0.003466,0.001095,-0.0514666990453713,-0.03341825358585223,0.8728522609263767,-0.5389330969910964,0.4716979215756289,-0.4875584762885278
358,-0.34,0.95,2.85,-1.87,2.06,0.24,448.13,12.52166667,19.69,0.323777031,0.0304,0.0717,0.0793,0.0656,0.040900205,0.002533333,0.0,0.0191,0.01,0.000608962,-0.001390471,-0.004593,-0.005909,-0.19956406355444892,0.2388793552295176,0.9085254083947711,-0.9751330275320028,0.9021828658067503,-0.5254031806140582
359,3.71,0.1,0.13,-1.54,-0.04,0.25,463.56,12.52033333,20.05,0.313864983,0.0302,0.0685,0.076,0.0623,0.040165971,0.002516667,0.002770083,0.0434,0.0287,0.000281577,-0.001252164,0.037431,0.033957,0.723196438386727,-0.04338036122543894,-0.061784202745556446,-0.8236109463967406,-0.16136817288190258,-0.4875584762885278
360,-0.12,2.98,-0.31,0.24,-0.16,0.26,458.93,12.519,20.41,0.322351821,0.0295,0.0666,0.0734,0.0627,0.04174737,0.002458333,0.002071823,0.0005,0.0043,0.000470665,-0.001153731,-0.007582,-0.009842,-0.14943880172060725,0.9129819721748845,-0.21874605160649177,-0.006310023909568687,-0.22214251794982562,-0.4497137719629973
361,1.41,1.89,-2.76,0.57,0.6,0.22,467.83,12.53833333,20.90333333,0.311362833,0.0302,0.0667,0.0731,0.0623,0.040380917,0.002516667,0.004135079,0.0096,0.0051,0.000314205,-0.00105483,0.019884,0.01859,0.19915961012383693,0.5510253946032343,-1.0927381645821543,0.1452120572256935,0.16276166748035353,-0.6010925892651192
362,-1.89,-1.27,-0.74,2.23,-0.94,0.25,461.79,12.55766667,21.39666667,0.311079411,0.031,0.0693,0.0766,0.0651,0.043853595,0.002583333,0.000686342,-0.0259,-0.0188,0.000576328,-0.001051695,-0.008655,-0.012084,-0.5527193173837878,-0.49831661009989836,-0.37214058572058767,0.9074140411182245,-0.6171757608913252,-0.4875584762885278
363,1.65,1.4,0.32,1.16,-0.34,0.23,466.45,12.577,21.89,0.305267223,0.0306,0.0693,0.0769,0.0654,0.045746805,0.00255,0.0,0.002,0.0067,0.000269686,-0.001012497,0.012646,0.010617,0.25384171394257327,0.38831096982331814,0.005994777444392908,0.4161151719826774,-0.31330403555171016,-0.5632478849395887
364,2.87,-0.06,1.15,-1.66,1.43,0.25,481.61,12.62033333,22.16333333,0.288058567,0.0298,0.0692,0.0765,0.0637,0.043688823,0.002483333,0.002743484,0.0257,0.0202,0.000423486,-0.000976077,0.033429,0.031954,0.5318090750211497,-0.09651160196990134,0.30208190143206637,-0.8787098849913814,0.5831175542001544,-0.4875584762885278
365,-2.55,2.67,-1.54,2.14,-1.0,0.21,467.14,12.66366667,22.43666667,0.299058821,0.0325,0.0708,0.0776,0.0682,0.045059994,0.002708333,0.003419973,-0.045,-0.0286,0.001026088,-0.001135504,-0.027161,-0.030121,-0.7030951028853127,0.8100401932324885,-0.6575257654677429,0.866089837172244,-0.6475629334252868,-0.6389372935906497
366,-4.78,-1.04,1.6,0.69,1.28,0.27,445.77,12.707,22.71,0.307483805,0.035,0.0748,0.0813,0.0725,0.041915421,0.002916667,0.003408316,-0.0395,-0.0383,0.000892131,-0.001099839,-0.043456,-0.045728,-1.2111829842010713,-0.42194045152973364,0.46261106503984123,0.2003109958203343,0.5071496228652507,-0.4118690676374667
367,0.68,-1.01,1.66,1.07,1.11,0.27,450.91,12.74966667,23.54,0.303664786,0.0368,0.0788,0.0852,0.0745,0.03986253,0.003066667,0.001358696,-0.015,-0.0097,0.001373677,-0.000951628,0.012817,0.011477,0.03283487767518058,-0.4119783438901469,0.4840149535208778,0.37479096803669687,0.42105263401902643,-0.4118690676374667
368,0.58,-2.56,0.67,0.6,0.68,0.31,456.51,12.79233333,24.37,0.297469476,0.0414,0.0799,0.0862,0.0759,0.039657323,0.00345,0.000678426,-0.0082,-0.0062,0.000750498,-0.00100851,0.016309,0.012559,0.010050667750707077,-0.9266872386021265,0.1308507935837733,0.15898679187435372,0.20327789752563558,-0.26049025033534495
369,-3.03,-0.5,1.67,1.21,1.47,0.31,444.27,12.835,25.2,0.308417077,0.0414,0.0797,0.0865,0.0774,0.034010352,0.00345,0.003389831,-0.01,-0.0081,0.000797104,-0.000965722,-0.024762,-0.027113,-0.8124593105227854,-0.242622514017173,0.4875822682677172,0.43907306306377775,0.6033756692227955,-0.26049025033534495
370,2.82,-1.85,0.58,-0.65,0.14,0.28,458.25,12.86433333,25.91,0.296985381,0.0433,0.0811,0.088,0.0746,0.03122605,0.003608333,0.002702703,0.0363,0.0309,0.00032727,-0.000643094,0.032714,0.031381,0.520416970058913,-0.6909173577985747,0.09874496086221832,-0.4149604851531546,-0.07020665528001804,-0.3740243633119362
371,4.01,1.37,-2.51,0.95,-1.47,0.37,475.5,12.89366667,26.62,0.285683819,0.0448,0.0807,0.0874,0.0761,0.028720654,0.003733333,0.004043127,-0.0086,-0.0031,0.000560379,-0.000974958,0.041341,0.03799,0.7915490681601474,0.3783488621837315,-1.0035552959111684,0.319692029442056,-0.8855957849413186,-0.03342202438216212
372,-2.31,2.8,-1.89,0.52,0.93,0.37,462.71,12.923,27.33,0.290904659,0.0462,0.0834,0.0898,0.08,0.029019116,0.00385,0.002684564,-0.0331,-0.0265,0.000801875,-0.000839298,-0.02394,-0.026238,-0.6484129990665765,0.8532093263373642,-0.7823817816071232,0.1222541661445932,0.3298911164171419,-0.03342202438216212
373,1.34,-2.3,-1.62,0.23,-0.68,0.38,472.35,13.00533333,28.42,0.286071274,0.0495,0.0857,0.092,0.0809,0.026015343,0.004125,0.000669344,-0.0025,-0.005,0.001158421,-0.000771729,0.022619,0.021043,0.18321066317670553,-0.840348972392375,-0.6860642834424584,-0.010901602125788746,-0.48549801324415875,0.004422679943368378
374,-4.04,0.07,-0.7,0.42,-0.5,0.37,453.69,13.08766667,29.51,0.298992614,0.0529,0.0868,0.0932,0.0808,0.022930531,0.004408333,0.001337793,0.0066,0.0018,0.000836383,-0.000558816,-0.036248,-0.039423,-1.0425798307599676,-0.05334246886502564,-0.3578713267332299,0.07633838398239251,-0.3943364956422742,-0.03342202438216212
375,0.86,0.0,-0.13,0.37,0.38,0.44,459.27,13.17,30.6,0.2915683,0.056,0.0846,0.091,0.0799,0.016601624,0.004666667,0.0,0.0161,0.0157,0.000704927,-0.000576007,0.014955,0.012419,0.07384645553923282,-0.07658738669072794,-0.15453438616338186,0.05338049290129218,0.05134203485582801,0.2314909058965512
376,1.8,-3.06,2.57,0.17,-0.75,0.42,470.42,13.17,31.25,0.290853734,0.0571,0.0846,0.0908,0.078,0.015099784,0.004758333,0.004008016,0.0273,0.0256,0.000289389,-0.000779787,0.026,0.024348,0.2880180288292835,-1.0927223659285716,0.8086405954832667,-0.03845107142310914,-0.5209497145337805,0.1558014972454902
377,3.63,-0.54,1.08,0.59,-0.33,0.4,487.39,13.17,31.9,0.278730036,0.0577,0.0826,0.0885,0.0758,0.014538755,0.004808333,0.003992016,0.0287,0.0289,0.000472432,-0.000715516,0.039228,0.036328,0.7049690704471482,-0.2559053242032886,0.2771106982041904,0.15439521365813363,-0.30823950679604994,0.08011208859442938
378,2.19,-0.51,-2.15,-0.17,0.22,0.46,500.71,13.17,32.55,0.313876542,0.0573,0.0812,0.087,0.0755,0.01440318,0.004775,0.003313453,0.0091,0.0095,0.000484319,-0.00056677,0.029334,0.027179,0.37687644753473004,-0.2459432165637019,-0.8751319650249486,-0.1945647307745914,-0.02969042523473603,0.3071803145476122
379,2.11,-0.22,1.71,0.41,0.9,0.44,514.71,13.23366667,33.17666667,0.301994701,0.0565,0.0803,0.086,0.0745,0.013018349,0.004708333,0.00330251,0.0169,0.0175,0.000256928,-0.000626882,0.029395,0.027914,0.35864907959515124,-0.14964284271436376,0.501851527255075,0.07174680576617244,0.3146975301501611,0.2314909058965512
380,2.9,-2.19,2.29,0.39,0.04,0.54,533.4,13.29733333,33.80333333,0.292264254,0.0567,0.0765,0.082,0.0677,0.01074282,0.004725,0.001974984,0.079,0.0631,0.001011447,-0.000397684,0.039809,0.036454,0.5386443379984918,-0.8038212443805572,0.7087557825717625,0.06256364933373232,-0.12085194283662055,0.6099379491518561
381,2.72,3.06,-2.54,-0.33,-2.44,0.47,544.75,13.361,34.43,0.286429618,0.0547,0.073,0.079,0.067,0.0082729,0.004558333,0.001971091,0.0139,0.0079,0.000696799,-0.000267726,0.024155,0.022198,0.4976327601344396,0.9395475925471157,-1.0142572401516867,-0.2680299822341125,-1.376855074240363,0.3450250188731425
382,3.72,2.09,-1.62,0.3,-1.65,0.45,562.06,13.43233333,34.68,0.277160367,0.0542,0.0741,0.0804,0.0691,0.007059424,0.004516667,0.0,-0.0168,-0.0101,0.000773225,-0.000291092,0.033405,0.032023,0.7254748593791743,0.6174394455338122,-0.6860642834424584,0.021239445387751712,-0.9767573025432031,0.2693356102220817
383,0.55,1.75,2.79,-1.24,1.62,0.47,561.88,13.50366667,34.93,0.283046135,0.054,0.0757,0.0819,0.0674,0.009120206,0.0045,0.002622951,0.0236,0.0214,0.000206741,-0.000137973,0.003495,0.000642,0.0032154047733650537,0.5045355589518297,0.8871215199137344,-0.6858635999101386,0.6793436005576993,0.3450250188731425
384,3.35,-1.88,-0.04,1.03,0.36,0.43,584.41,13.575,35.18,0.272494998,0.0528,0.0732,0.0793,0.0663,0.006377414,0.0044,0.001962067,0.0175,0.0153,0.000381459,-0.000140216,0.042102,0.040182,0.6411732826586224,-0.7008794654381613,-0.1224285534418269,0.35642465517181654,0.04121297734450749,0.1936462015710207
385,-1.52,-4.04,-0.5,1.91,-0.05,0.47,581.5,13.646,34.77333333,0.274420245,0.0528,0.0712,0.0775,0.0641,0.01222081,0.0044,0.003263708,0.0294,0.0185,0.000487822,2.08e-05,-0.003442,-0.004864,-0.46841774066323594,-1.4181512154884037,-0.2865250317964411,0.7604835381991824,-0.16643270163756282,0.3450250188731425
386,3.96,-1.07,0.51,-0.62,1.12,0.42,605.37,13.717,34.36666667,0.257168852,0.0536,0.0702,0.0768,0.0623,0.016872526,0.004466667,-0.000650618,0.0249,0.0242,0.000546172,-7.8e-05,0.044179,0.041338,0.7801569631979106,-0.43190255916932035,0.07377375763434225,-0.4011857505044944,0.4261171627746867,0.1558014972454902
387,1.03,0.72,0.22,-1.37,3.1,0.49,615.93,13.788,33.96,0.255026383,0.0514,0.0682,0.0749,0.0603,0.015528785,0.004283333,-0.000651042,0.0272,0.0228,0.000820543,-0.000146604,0.017643,0.015809,0.11257961241083775,0.1625031966593529,-0.029678370024001487,-0.7455541167209995,1.4288938563954168,0.4207144275242035
388,2.26,-2.56,0.38,0.18,2.31,0.43,636.02,13.89333333,33.98666667,0.241877172,0.05,0.0681,0.0747,0.0609,0.016129249,0.004166667,0.005863192,-0.0011,0.0014,0.001383944,-5.31e-05,0.034861,0.033415,0.3928253944818615,-0.9266872386021265,0.027398665925429545,-0.03385949320688909,1.0287960846982567,0.1936462015710207
389,1.33,1.77,-1.08,0.24,-1.9,0.39,640.43,13.99866667,34.01333333,0.237894737,0.0483,0.0699,0.0763,0.0659,0.016803847,0.004025,0.003238342,-0.0483,-0.0373,0.001267622,-0.000227855,0.010088,0.007689,0.18093224218425819,0.5111769640448874,-0.4934292871131286,-0.006310023909568687,-1.1033705214347094,0.04226738426889888
390,0.73,1.61,0.35,1.42,-0.95,0.39,645.5,14.104,34.04,0.239299615,0.0496,0.0735,0.0803,0.0684,0.016894007,0.004133333,0.005164622,-0.021,-0.013,0.001741708,3.06e-05,0.009585,0.00786,0.0442269826374173,0.4580457233004251,0.016696721684911216,0.5354962056043991,-0.6222402896469855,0.04226738426889888
391,2.06,4.71,-4.02,-0.14,-2.11,0.46,654.17,14.16033333,34.33,0.240075806,0.0495,0.075,0.0819,0.0706,0.021128804,0.004125,0.003853565,-0.0165,-0.016,0.000981833,6.82e-05,0.015133,0.013857,0.34725697463291455,1.4874635127243845,-1.5422198226839239,-0.18078999612593122,-1.2097256253035746,0.3071803145476122
392,2.36,3.21,-0.83,0.12,-0.3,0.42,669.12,14.21666667,34.62,0.236923515,0.0502,0.0762,0.083,0.0717,0.026396009,0.004183333,0.001919386,-0.0054,0.0005,0.00112531,-0.000254521,0.025257,0.02253,0.415609604406335,0.9893581307450492,-0.40424641844214265,-0.061408962504209484,-0.29304592052906914,0.1558014972454902
393,-1.14,-3.65,2.35,3.51,1.22,0.4,670.63,14.273,34.91,0.236443725,0.0509,0.0771,0.084,0.0703,0.027193741,0.004241667,0.00063857,0.0203,0.0172,0.000394793,-0.00084789,0.004128,0.002562,-0.3818377429502367,-1.2886438161737768,0.7301596710527992,1.4951360527943929,0.47676245033128917,0.08011208859442938
394,-5.97,-3.81,5.14,2.95,2.6,0.45,639.95,14.40333333,35.27333333,0.241819894,0.0515,0.0765,0.0835,0.0707,0.031112211,0.004291667,0.001914486,0.0018,0.001,0.002355152,-0.000470475,-0.044441,-0.046048,-1.4823150823023057,-1.3417750569182392,1.7254404854210024,1.2380076726860694,1.175667418612404,0.2693356102220817
395,2.77,2.57,-0.74,-0.37,-2.42,0.41,651.99,14.53366667,35.63666667,0.238061118,0.0505,0.0746,0.0818,0.0726,0.030863911,0.004208333,0.001910828,-0.0139,-0.007,0.001121505,-0.000352236,0.021928,0.019589,0.5090248650966762,0.7768331677671995,-0.37214058572058767,-0.2863962950989927,-1.3667260167290427,0.11795679291995968
396,5.01,-1.39,-2.72,1.27,-2.22,0.44,687.31,14.664,36.0,0.227297318,0.0509,0.0766,0.0835,0.0704,0.029553714,0.004241667,0.00317864,0.029,0.0259,0.000686235,-0.000538694,0.056035,0.054112,1.0193911674048821,-0.5381650406582451,-1.0784689055947967,0.4666225323610982,-1.2654354416158375,0.2314909058965512
397,0.86,-3.77,4.94,1.4,3.25,0.42,705.27,14.74233333,36.91,0.221747656,0.0499,0.0739,0.0807,0.0671,0.025625898,0.004158333,0.003168568,0.0404,0.0361,0.000606628,-0.00053145,0.026798,0.025348,0.07384645553923282,-1.3284922467321236,1.654094190484214,0.526313049171959,1.5048617877303203,0.1558014972454902
398,6.25,-3.8,1.39,2.12,-0.79,0.41,757.02,14.82066667,37.82,0.205007919,0.0503,0.071,0.0779,0.0643,0.022039021,0.004191667,0.001895136,0.0351,0.0263,0.000703722,-0.000613925,0.076455,0.074218,1.3019153704683533,-1.33845435437171,0.3876974553562129,0.8569066807398039,-0.5412078295564215,0.11795679291995968
399,-1.7,3.25,1.31,0.37,1.49,0.46,740.74,14.899,38.73,0.20734273,0.0491,0.072,0.0789,0.0673,0.024097561,0.004091667,0.0,-0.0256,-0.0186,0.001709075,-0.000396755,-0.019815,-0.021518,-0.5094293185272882,1.0026409409311647,0.35915893738149746,0.05338049290129218,0.6135047267341159,0.3071803145476122
400,4.99,-1.82,-1.42,1.19,-0.02,0.45,786.16,14.95233333,39.23333333,0.196240103,0.0503,0.0742,0.0809,0.0689,0.024380134,0.004191667,0.003152585,-0.0079,-0.0028,0.001360087,-0.000794129,0.062779,0.061689,1.0148343254199874,-0.6809552501589878,-0.6147179885056695,0.4298899066313376,-0.1512391153705821,0.2693356102220817
401,-0.49,-2.59,5.67,0.67,3.47,0.39,790.82,15.00566667,39.73666667,0.194395411,0.0501,0.0731,0.0794,0.0694,0.022885146,0.004175,0.003142678,0.0005,0.0028,0.00147476,-0.001302906,0.007752,0.0058,-0.2337403784411591,-0.9366493462417133,1.914508167003493,0.1911278393878942,1.6162814203548461,0.04226738426889888
402,-5.03,-0.43,3.39,0.5,1.66,0.43,757.12,15.059,40.24,0.214780202,0.0514,0.0755,0.0818,0.0723,0.021119839,0.004283333,0.002506266,-0.0252,-0.0221,0.002001484,-0.001308306,-0.041653,-0.04331,-1.268143509012255,-0.21937759619147068,1.1011604047241008,0.11307100971215304,0.6996017155803402,0.1936462015710207
403,4.04,-5.7,0.07,3.26,-0.72,0.43,801.34,15.093,40.34333333,0.201741048,0.0516,0.0773,0.0834,0.0705,0.016916109,0.0043,0.00125,0.0255,0.0184,0.003005057,-0.000871922,0.060274,0.059016,0.7983843311374894,-1.9693878382122014,-0.08318809122659308,1.3803465973888913,-0.5057561282667997,0.1936462015710207
404,6.74,4.75,-4.13,-1.02,-2.96,0.49,848.28,15.127,40.44666667,0.192878588,0.0505,0.0758,0.082,0.0701,0.013265385,0.004208333,-0.00062422,0.0097,0.0128,0.00200742,-0.000878407,0.061401,0.059272,1.4135579990982734,1.5007463229105,-1.5814602848991577,-0.5848488791532971,-1.6402105695346962,0.4207144275242035
405,4.1,1.19,1.58,0.56,0.66,0.37,885.14,15.161,40.55,0.184287615,0.0493,0.0741,0.0802,0.0688,0.010847478,0.004108333,0.001249219,0.0195,0.0187,0.001974443,-0.000662098,0.044103,0.042762,0.8120548570921734,0.3185762163462112,0.45547643554616235,0.14062047900947347,0.19314884001431507,-0.03342202438216212
406,7.33,-2.76,0.26,0.07,-2.58,0.43,954.29,15.21833333,40.58,0.171964943,0.0505,0.0714,0.0775,0.0637,0.011607854,0.004208333,0.001247661,0.0626,0.0528,0.002010166,-0.000627257,0.080388,0.078977,1.5479848376526668,-0.9931012895327045,-0.015409111036643728,-0.0843668535853098,-1.4477584768196068,0.1936462015710207
407,-4.15,7.61,1.18,-1.11,-0.04,0.41,899.47,15.27566667,40.61,0.185505404,0.0514,0.0722,0.0782,0.0672,0.012892189,0.004283333,0.001869159,-0.0317,-0.024,0.002464728,-0.000430921,-0.05497,-0.056458,-1.0676424616768885,2.450467251217766,0.3127838456725847,-0.6261730830992778,-0.16136817288190258,0.11795679291995968
408,5.35,2.49,0.37,-1.63,-0.91,0.44,947.28,15.333,40.64,0.177967857,0.0495,0.0715,0.077,0.0649,0.014650639,0.004125,0.002487562,0.0316,0.0226,0.002626512,-0.00074286,0.053886,0.052408,1.0968574811480918,0.7502675473949684,0.0238313511785901,-0.8649351503427212,-0.6019821746243444,0.2314909058965512
409,-3.8,-0.52,2.27,1.0,1.94,0.42,914.62,15.38766667,40.33333333,0.190000677,0.0497,0.07,0.0757,0.0623,0.016280535,0.004141667,0.00248139,0.0341,0.0191,0.009363708,-0.000599239,-0.032605,-0.03373,-0.9878977269412312,-0.24926391911023082,0.7016211530780836,0.34264992052315635,0.8414085207388273,0.1558014972454902
410,2.98,-5.11,1.2,2.81,1.84,0.39,955.4,15.44233333,40.02666667,0.180746299,0.0514,0.0687,0.0742,0.0614,0.01568624,0.004283333,-0.000618812,0.0148,0.0101,0.00266212,-0.000791843,0.046321,0.044625,0.5568717059380706,-1.7734663879669963,0.3199184751662636,1.1737255776589883,0.7907632331822249,0.04226738426889888
411,1.32,-2.03,3.84,0.74,1.92,0.48,970.43,15.497,39.72,0.178800884,0.0516,0.0676,0.0732,0.0602,0.015578728,0.0043,-0.00123839,0.0184,0.0163,0.002249391,-0.000888779,0.017147,0.0157,0.17865382119181084,-0.7506900036360947,1.2616895683318756,0.22326888690143465,0.8312794632275068,0.382869723198673
412,0.15,-1.36,-1.63,0.87,-0.73,0.43,980.28,15.545,39.66,0.178840273,0.0504,0.0661,0.0719,0.0589,0.013758161,0.0042,0.001859888,0.02,0.0137,0.00246889,-0.000700455,0.011994,0.01108,-0.08792143492452886,-0.5282029330186585,-0.6896315981892978,0.28295940371229555,-0.5108206570224599,0.1936462015710207
413,7.04,0.2,-0.85,-0.31,-2.54,0.39,1049.34,15.593,39.6,0.165463097,0.0509,0.0667,0.0725,0.0599,0.012073518,0.004241667,0.001856436,-0.0072,-0.0007,0.001053364,-0.000804846,0.071956,0.070303,1.4819106288716937,-0.010173335760149924,-0.41138104793582153,-0.25884682580167234,-1.4275003617969657,0.04226738426889888
414,4.76,-0.65,1.39,-0.26,-0.37,0.39,1101.75,15.641,39.54,0.181140396,0.0503,0.0672,0.0732,0.0602,0.016505113,0.004191667,0.001852996,0.0025,0.0038,0.001136788,-0.00073979,0.051336,0.050104,0.9624306425936984,-0.29243305221510646,0.3876974553562129,-0.23588893472057204,-0.3284976218186909,0.04226738426889888
415,0.73,0.0,0.94,-1.69,-0.36,0.43,1111.75,15.744,39.35,0.175872922,0.0495,0.0669,0.0733,0.0604,0.016426219,0.004125,0.001849568,0.0026,0.0053,0.001614758,-0.000955964,0.011275,0.010232,0.0442269826374173,-0.07658738669072794,0.22716829174843817,-0.8924846196400416,-0.32343309306303064,0.1936462015710207
416,-3.07,-2.95,3.44,1.1,2.61,0.4,1090.82,15.847,39.16,0.179102206,0.05,0.0669,0.073,0.0592,0.019098069,0.004166667,0.001846154,0.0182,0.0167,0.000958824,-0.000891519,-0.017674,-0.019206,-0.8215729944925748,-1.0561946379167537,1.118996978458298,0.38856570268535706,1.1807319473680642,0.08011208859442938
417,3.18,-3.66,-1.96,-0.26,-2.97,0.41,1133.84,15.95,38.97,0.178060606,0.0498,0.0653,0.0713,0.0576,0.024030588,0.00415,0.001228501,0.0228,0.0115,0.00209733,-0.001168848,0.04097,0.0398,0.6024401257870176,-1.2919645187203057,-0.8073529848349993,-0.23588893472057204,-1.6452750982903563,0.11795679291995968
418,-2.46,-5.27,-1.78,1.74,0.45,0.4,1120.67,16.01433333,38.67666667,0.179438109,0.0496,0.0655,0.0715,0.0584,0.025362287,0.004133333,0.001226994,-0.004,-0.0056,0.002228143,-0.002304525,-0.010109,-0.011112,-0.6825893139532866,-1.8265976287114585,-0.7431413193918894,0.6824267085234412,0.08679373614544977,0.08011208859442938
419,-16.08,-5.17,3.53,3.37,5.91,0.43,957.28,16.07866667,38.38333333,0.211432092,0.049,0.0652,0.0714,0.0547,0.028529674,0.004083333,0.00122549,0.0465,0.0089,0.009334017,-0.001856856,-0.143124,-0.144504,-3.7857987056665743,-1.7933906032461695,1.151102811179853,1.4308539577673123,2.8520264367359474,0.1936462015710207
420,6.15,-0.78,-3.42,-1.88,-2.99,0.46,1017.01,16.143,38.09,0.203248404,0.0461,0.064,0.0709,0.0517,0.024092522,0.003841667,0.00122399,0.0395,0.0413,0.009970951,-0.001633908,0.063176,0.061612,1.2791311605438798,-0.33560218531998226,-1.3281809378735574,-0.9797246057482227,-1.6554041558016772,0.3071803145476122
421,7.13,-3.43,-2.23,0.93,0.31,0.32,1098.67,16.16033333,37.96333333,0.185519077,0.0396,0.0637,0.0718,0.054,0.020749215,0.0033,0.002444988,-0.0218,-0.019,0.005171595,-0.001374851,0.080111,0.079144,1.5024164178037198,-1.215588360150141,-0.9036704829996641,0.31050887300961594,0.015890333566206238,-0.22264554600981443
422,6.1,0.75,-3.25,-0.86,-1.18,0.31,1163.63,16.17766667,37.83666667,0.174846844,0.0441,0.0641,0.0734,0.0535,0.022012342,0.003675,0.0,0.0097,0.027,0.001936735,-0.00121526,0.062164,0.060685,1.267739055581643,0.1724653042989396,-1.267536587177287,-0.511383627693776,-0.7387244510271713,-0.26049025033534495
423,6.16,-1.56,-4.19,-0.76,-3.39,0.38,1229.23,16.195,37.71,0.173611315,0.0439,0.0622,0.0723,0.0542,0.020063255,0.003658333,-0.000609756,-0.0032,0.001,0.003286907,-0.001033873,0.059673,0.058454,1.2814095815363271,-0.5946169839492365,-1.6028641733801945,-0.4654678455315754,-1.8579853060280869,0.004422679943368378
424,3.5,-0.75,-4.6,-2.77,-6.8,0.35,1279.64,16.27966667,37.93333333,0.170320619,0.0434,0.0624,0.0729,0.0536,0.015593995,0.003616667,0.002440513,0.0121,0.0123,0.003335623,-0.001295993,0.0428,0.042,0.6753495975453326,-0.32564007768039555,-1.7491240780006114,-1.3883750669918087,-3.584989611708233,-0.10911143303322314
425,-4.08,-5.22,1.92,-1.23,4.1,0.35,1238.33,16.36433333,38.15666667,0.17127681,0.0444,0.064,0.0739,0.0587,0.018454372,0.0037,0.001217285,-0.052,-0.0401,0.00348213,-0.001172852,-0.031935,-0.033156,-1.051693514729757,-1.809994115978814,0.5767651369387032,-0.6812720216939185,1.9353467319614415,-0.10911143303322314
426,3.45,-4.23,-2.74,-4.07,-1.42,0.43,1286.37,16.449,38.38,0.172897171,0.0444,0.0662,0.0753,0.0592,0.02067722,0.0037,0.003039514,-0.0008,0.0002,0.003213553,-0.001075351,0.038979,0.037774,0.6639574925830959,-1.481244563872453,-1.0856035350884756,-1.9852802351004175,-0.8602731411630173,0.1936462015710207
427,4.33,4.52,2.46,-2.53,0.89,0.37,1335.18,16.44866667,39.26,0.156825876,0.0429,0.0664,0.0748,0.0594,0.025189138,0.003575,0.007272727,0.0021,-0.0024,0.002726647,-0.001258082,0.037559,0.036771,0.8644585399184626,1.4243701643403353,0.7694001332680329,-1.2781771898025271,0.30963300139450084,-0.03342202438216212
428,-2.46,3.71,2.35,0.93,3.34,0.34,1301.84,16.44833333,40.14,0.160231135,0.045,0.0693,0.0772,0.0615,0.025905064,0.00375,0.0,-0.0185,-0.0176,0.003085638,-0.00115228,-0.023159,-0.024833,-0.6825893139532866,1.1553932580714943,0.7301596710527992,0.31050887300961594,1.5504425465312623,-0.14695613735875343
429,4.77,2.29,-3.19,1.13,-3.21,0.4,1372.71,16.448,41.02,0.154227447,0.0457,0.0723,0.0802,0.0627,0.018875065,0.003808333,0.0,-0.0078,-0.016,0.002409247,-0.001144629,0.054431,0.053398,0.9647090635861457,0.6838534964643903,-1.2461326986962502,0.40234043733401714,-1.7668237884262026,0.08011208859442938
430,-3.49,2.57,-0.44,0.36,3.22,0.38,1328.72,16.51233333,42.0,0.158796473,0.0455,0.0719,0.0795,0.0639,0.019374153,0.003791667,0.003008424,-0.0077,-0.0113,0.001611182,-0.001169595,-0.03022,-0.031084,-0.9172666761753635,0.7768331677671995,-0.2651211433154045,0.04878891468507211,1.4896682014633398,0.004422679943368378
431,-1.38,-1.73,-1.87,-0.24,0.64,0.39,1320.41,16.57666667,42.98,0.156243027,0.0472,0.074,0.0815,0.0649,0.018889541,0.003933333,0.00239952,-0.0053,-0.0026,0.002729877,-0.001055846,-0.004989,-0.006251,-0.43651984676897304,-0.6510689272402278,-0.7752471521134443,-0.22670577828813188,0.18301978250299455,0.04226738426889888
432,-2.79,2.59,-3.49,-0.75,-1.23,0.39,1282.71,16.641,43.96,0.163684498,0.0468,0.0739,0.082,0.0646,0.020390681,0.0039,0.004787552,0.0084,0.0093,0.002704945,-0.000985703,-0.028079,-0.029257,-0.7577772067040491,0.7834745728602573,-1.3531521411014336,-0.4608762673153553,-0.7640470948054726,0.04226738426889888
433,6.12,-6.91,-3.37,-1.74,-1.19,0.39,1362.93,16.658,45.36333333,0.157690661,0.0486,0.0755,0.0838,0.0651,0.020456472,0.00405,0.001786778,-0.0012,0.0047,0.004875934,-0.00051504,0.064238,0.063512,1.2722958975665377,-2.3711928463421983,-1.3103443641393602,-0.9154425107211419,-0.7437889797828315,0.04226738426889888
434,3.37,5.8,-6.12,-4.28,-1.74,0.36,1388.91,16.675,46.76666667,0.155545967,0.0507,0.0736,0.0815,0.0662,0.018290636,0.004225,0.00059453,-0.0061,-0.0024,0.001354258,0.000110711,0.020822,0.019547,0.6457301246435171,1.8494200902960347,-2.2913559195202065,-2.081703377641039,-1.0223380613441455,-0.07126672870769263
435,7.72,5.39,-8.33,-7.6,-5.63,0.44,1469.25,16.692,48.17,0.147167259,0.052,0.0755,0.0819,0.0682,0.017900177,0.004333333,0.0,-0.0155,-0.0102,0.001148772,6.4278e-05,0.062579,0.061549,1.6368432563581132,1.7132712858883496,-3.079732478571722,-3.606107345426101,-2.9924397472959834,0.2314909058965512
436,-4.74,4.42,-1.88,-6.29,4.72,0.41,1394.46,16.71533333,49.09666667,0.15465416,0.0532,0.0778,0.0833,0.0666,0.025371589,0.004433333,0.002970885,0.0228,-0.0021,0.005206354,0.000622372,-0.04963,-0.050296,-1.202069300231282,1.3911631388750463,-0.7788144668602838,-3.004610599101272,2.249347514812377,0.11795679291995968
437,2.45,18.28,-9.59,-18.65,-0.48,0.43,1366.42,16.73866667,50.02333333,0.167056433,0.0555,0.0768,0.0829,0.0646,0.027431874,0.004625,0.005924171,0.0264,0.0092,0.003000422,0.000404691,-0.017458,-0.018666,0.43611539333836113,5.993656868364104,-3.5292141366734913,-8.679801274349273,-0.38420743813095365,0.1936462015710207
438,5.2,-15.32,8.13,11.79,-1.59,0.47,1498.58,16.762,50.95,0.149973562,0.0569,0.0768,0.0837,0.0618,0.018301426,0.004741667,0.008244994,0.0367,0.0169,0.00667834,0.000184884,0.098488,0.097431,1.0626811662613818,-5.163903687973004,2.7920675947259954,5.2969628158246085,-0.9463701300092416,0.3450250188731425
439,-6.4,-5.01,7.26,7.66,5.65,0.46,1452.43,16.74266667,51.27333333,0.152600418,0.0566,0.0764,0.084,0.063,0.011961411,0.004716667,0.000584112,-0.0076,-0.0115,0.007941721,-0.000386942,-0.031585,-0.032308,-1.5802871849775417,-1.740259362501707,2.4817112117509637,3.4006410125257207,2.7203486890887807,0.3071803145476122
440,-4.42,-3.81,4.75,4.13,1.37,0.5,1420.6,16.72333333,51.59666667,0.155668731,0.0579,0.0799,0.089,0.064,0.009195747,0.004825,0.001167542,-0.0054,-0.0161,0.005185498,8.91e-06,-0.022304,-0.023617,-1.1291598284729667,-1.3417750569182392,1.5863152102942644,1.7798139022000372,0.552730381666193,0.458559131849734
441,4.64,9.92,-8.42,-8.31,-2.95,0.4,1454.6,16.704,51.92,0.156777962,0.0569,0.0767,0.0848,0.0622,0.007141026,0.004741667,0.005247813,0.0244,0.0326,0.002359743,-0.000246743,0.026219,0.025497,0.9350895906843302,3.2175495394659417,-3.111838311293277,-3.9321093987777256,-1.6351460407790361,0.08011208859442938
442,-2.51,-1.03,8.31,5.83,2.94,0.48,1430.83,16.585,52.51333333,0.155674151,0.0596,0.0765,0.0835,0.0611,0.004732995,0.004966667,0.002320186,0.0173,0.0179,0.002065471,7.16e-06,-0.012795,-0.013559,-0.6939814189155233,-0.41861974898320475,2.8562792601691056,2.5603821989574485,1.3478613963048527,0.382869723198673
443,7.03,-1.03,-1.39,-3.22,1.1,0.5,1517.68,16.466,53.10666667,0.146053064,0.0609,0.0755,0.0826,0.0594,0.004689783,0.005075,0.0,0.024,0.0135,0.001039275,-0.000277615,0.062594,0.061275,1.4796322078792465,-0.41861974898320475,-0.6040160442651512,-1.594996086721712,0.4159881052633662,0.458559131849734
444,-5.45,0.19,7.17,2.56,5.53,0.51,1436.51,16.347,53.7,0.153789463,0.06,0.0762,0.0835,0.0612,0.004483859,0.005,0.005208333,-0.0157,0.0046,0.001599983,-0.000508487,-0.052088,-0.052795,-1.3638371906950437,-0.013494038306678828,2.449605379029409,1.0589361222534868,2.6595743440208577,0.4964038361752645
445,-2.76,-2.65,5.71,9.61,3.8,0.56,1429.4,16.32166667,52.46666667,0.149300789,0.0611,0.0755,0.0834,0.06,0.003758789,0.005091667,0.001727116,0.0187,0.0045,0.005568073,-0.001338953,-0.00412,-0.004829,-0.750941943726707,-0.9565735615208867,1.9287774259908506,4.295998764688634,1.783410869291634,0.6856273578029171
446,-10.72,-0.58,12.3,13.07,8.43,0.51,1314.95,16.29633333,51.23333333,0.157280893,0.0617,0.0745,0.0828,0.0576,0.001169765,0.005141667,0.000574713,0.0319,0.0263,0.003272437,-0.001852555,-0.078268,-0.079557,-2.5645650537147957,-0.26918813438940414,4.279637844158041,5.884684827500777,4.128287683162331,0.4964038361752645
447,1.19,3.26,7.61,1.71,4.79,0.5,1320.28,16.271,50.0,0.151851504,0.0577,0.0721,0.0802,0.0558,-0.002250247,0.004808333,-0.000574383,0.0243,0.027,0.005299359,-0.000524853,0.00572,0.004861,0.1490343482899953,1.0059616434776937,2.6065672278903445,0.668651973874781,2.284799216101999,0.458559131849734
448,3.13,5.48,-5.07,-4.69,-5.03,0.54,1366.01,16.17166667,48.48,0.150449666,0.0515,0.0715,0.0793,0.0562,-0.003181137,0.004291667,0.006321839,0.0005,0.0359,0.004941048,-0.00156505,0.032375,0.031555,0.5910480208247807,1.74315760880711,-1.9167878711020652,-2.2699580845060616,-2.688568021956369,0.6099379491518561
449,-10.05,2.83,12.47,9.1,9.07,0.38,1239.94,16.07233333,46.96,0.156070091,0.0488,0.071,0.0787,0.0549,-0.006843597,0.004066667,0.003997716,0.0191,0.0127,0.002528447,-0.002272846,-0.090952,-0.092131,-2.411910847220824,0.863171433976951,4.340282194854312,4.06182827566141,4.452417523524588,0.004422679943368378
450,-7.26,2.33,6.42,3.35,3.92,0.42,1160.33,15.973,45.44,0.133113551,0.0442,0.0698,0.0784,0.0559,-0.005199539,0.003683333,0.002275313,-0.0074,-0.0029,0.007139632,-0.001864067,-0.063706,-0.064587,-1.7762313903280136,0.697136306650506,2.1820567730164506,1.421670801334872,1.844185214359557,0.1558014972454902
451,7.94,-0.86,-4.67,-3.06,-3.2,0.39,1249.46,15.87733333,42.55666667,0.122496901,0.0387,0.072,0.0807,0.0593,-0.00254076,0.003225,0.003972758,-0.0313,-0.0128,0.00742621,-0.001024579,0.077825,0.076981,1.6869685181919551,-0.3621678056922134,-1.7740952812284876,-1.5215308352621908,-1.7617592596705425,0.04226738426889888
452,0.72,3.6,3.36,0.25,1.91,0.32,1255.82,15.78166667,39.67333333,0.120510188,0.0362,0.0729,0.0807,0.0594,-0.000246555,0.003016667,0.004522329,0.0037,0.0132,0.002536247,-0.001184099,0.00687,0.00533,0.04194856164496995,1.1188655300596764,1.0904584604835825,-0.0017184456933486169,0.8262149344718466,-0.22264554600981443
453,-1.94,6.57,-1.12,1.6,-1.51,0.28,1224.42,15.686,36.79,0.125209433,0.0349,0.0718,0.0797,0.059,0.005042943,0.002908333,0.001688239,0.0085,0.0055,0.001508369,-0.001592206,-0.024506,-0.025183,-0.5641114223460245,2.10511418637876,-0.5076985461004864,0.6181446134963604,-0.9058538999639596,-0.3740243633119362
454,-2.13,-2.82,5.21,7.42,3.07,0.3,1211.23,15.70266667,33.96333333,0.124966583,0.0351,0.0713,0.0797,0.0561,0.007915809,0.002925,-0.002808989,0.0376,0.0361,0.002899595,-0.00202705,-0.009317,-0.010248,-0.6074014212025242,-1.013025504811878,1.7504116886488787,3.290443135336439,1.4137002701284358,-0.29833495466087545
455,-6.46,2.71,2.31,4.05,6.57,0.31,1133.58,15.71933333,31.13666667,0.132164144,0.0336,0.0702,0.0785,0.0546,0.009920493,0.0028,0.0,0.0206,0.0156,0.002221485,-0.002641267,-0.063435,-0.064933,-1.5939577109322258,0.8233230034186041,0.7158904120654414,1.7430812764702766,3.186285334609524,-0.26049025033534495
456,-9.25,-5.73,1.45,4.99,3.21,0.28,1040.94,15.736,28.31,0.148628588,0.0264,0.0717,0.0803,0.0542,0.00865385,0.0022,0.004507042,0.0081,-0.0152,0.007167587,-0.001822915,-0.080361,-0.081352,-2.229637167825036,-1.979349945851788,0.40910134383724955,2.174689628794963,1.4846036727076792,-0.3740243633119362
457,2.46,5.27,-7.65,-2.98,-4.55,0.22,1059.78,15.73733333,27.10333333,0.1449014,0.0216,0.0703,0.0791,0.0506,0.010751663,0.0018,-0.003365115,0.0464,0.0437,0.003249758,-0.00133474,0.01954,0.018546,0.4383938143308085,1.6734228553300028,-2.8371550757866406,-1.4847982095324301,-2.4454706416846763,-0.6010925892651192
458,7.54,-0.31,2.21,-3.73,-1.61,0.17,1139.45,15.73866667,25.89666667,0.133481367,0.0187,0.0697,0.0781,0.0553,0.011164434,0.001558333,-0.001688239,-0.0471,-0.0188,0.002189351,-0.00105988,0.078787,0.077259,1.5958316784940612,-0.17952916563312388,0.680217264597047,-1.829166575748935,-0.9564991875205622,-0.7903161108927714
459,1.6,5.16,0.84,0.34,-0.26,0.15,1148.08,15.74,24.69,0.131217846,0.0169,0.0677,0.0805,0.0575,0.013469917,0.001408333,-0.003945885,-0.0183,-0.009,0.001797955,-0.001336167,0.009051,0.007849,0.24244960898033657,1.636895127318185,0.19149514428004372,0.039605758252631997,-0.2727878055064281,-0.8660055195438324
460,-1.44,1.26,3.44,4.69,2.84,0.14,1130.2,15.73666667,24.69333333,0.132560549,0.0165,0.0655,0.0787,0.0569,0.011195974,0.001375,0.002263724,0.0138,0.0175,0.002183889,-0.002004245,-0.014324,-0.01532,-0.45019037272365714,0.34182113417191357,1.118996978458298,2.036942282308361,1.2972161087482499,-0.9038502238693629
461,-2.29,-0.36,2.16,8.07,5.11,0.13,1106.73,15.73333333,24.69666667,0.130119086,0.0172,0.0651,0.0789,0.0563,0.01250352,0.001433333,0.003952569,0.0115,0.013,0.002567832,-0.001820755,-0.019481,-0.020973,-0.6438561570816818,-0.19613267836576836,0.6623806908628498,3.5888957193907434,2.446864136283127,-0.9416949281948934
462,4.24,4.25,1.06,-1.78,0.58,0.13,1147.39,15.73,24.7,0.236833402,0.0179,0.0681,0.0811,0.0604,0.013764069,0.001491667,0.005624297,-0.0436,-0.0295,0.002014824,-0.00223859,0.037572,0.03669,0.8439527509864364,1.334711195584055,0.26997606871051144,-0.933808823586022,0.15263260996903302,-0.9416949281948934
463,-5.2,6.72,3.88,4.56,5.38,0.15,1076.92,15.833,25.38,0.247732313,0.0171,0.0676,0.0803,0.0575,0.015112609,0.001425,0.005592841,0.041,0.0253,0.002319717,-0.002047518,-0.061001,-0.061826,-1.30687666588386,2.1549247245766936,1.2759588273192333,1.9772517654975,2.583606412685954,-0.8660055195438324
464,-1.38,-3.02,1.53,2.36,2.44,0.14,1067.14,15.936,26.06,0.248255614,0.0173,0.0675,0.0809,0.0578,0.022287838,0.001441667,0.0,0.0015,0.0113,0.004101625,-0.002141779,-0.0078,-0.009438,-0.43651984676897304,-1.079439555742456,0.4376398618119651,0.9671045579290853,1.09463495852184,-0.9038502238693629
465,-7.21,3.89,-0.05,3.93,2.51,0.13,989.81,16.039,26.74,0.266572502,0.017,0.0663,0.0795,0.0566,0.027534947,0.001416667,0.000556174,0.0187,0.0073,0.003707969,-0.002606791,-0.071349,-0.072611,-1.7648392853657768,1.2151659039090146,-0.12599586818866634,1.687982337875636,1.1300866598114614,-0.9416949281948934
466,-8.18,-6.43,-3.85,3.79,-0.99,0.15,911.62,15.959,27.84,0.282032194,0.0168,0.0653,0.079,0.0544,0.02845465,0.0014,0.001111729,0.0303,0.0094,0.015342791,-0.002420535,-0.073987,-0.075074,-1.9858461216331698,-2.211799124108811,-1.4815754719876533,1.623700242848555,-0.6424984046696265,-0.8660055195438324
467,0.5,-1.31,3.28,1.36,-1.47,0.14,916.07,15.879,28.94,0.284411556,0.0162,0.0637,0.0758,0.051,0.024756063,0.00135,0.003331483,0.0464,0.0452,0.009409278,-0.002908499,0.007061,0.005401,-0.008176700188871695,-0.511599420286014,1.061919942508867,0.5079467363070788,-0.8855957849413186,-0.9038502238693629
468,-10.35,3.08,1.47,3.29,-2.19,0.14,815.29,15.799,30.04,0.324555155,0.0163,0.0615,0.074,0.048,0.029309111,0.001358333,0.00166021,0.0417,0.033,0.007366061,-0.003212615,-0.108965,-0.110421,-2.4802634769942435,0.9461889976401735,0.41623597333092843,1.3941213320375516,-1.2502418553488566,-0.9038502238693629
469,7.84,-4.31,-3.95,-3.39,0.76,0.14,885.76,15.89066667,29.22333333,0.293437064,0.0158,0.0632,0.0773,0.0508,0.025679358,0.001316667,0.001657459,-0.0294,-0.024,0.011589679,-0.003753366,0.088599,0.087103,1.6641843082674814,-1.507810184244684,-1.517248619456048,-1.673052916397453,0.2437941275709176,-0.9038502238693629
470,5.96,2.91,-1.23,-9.2,5.15,0.12,936.31,15.98233333,28.40666667,0.276975499,0.0123,0.0631,0.0762,0.0521,0.022914967,0.001025,0.0,-0.0122,0.013,0.004449081,-0.004166387,0.059019,0.057288,1.2358411616873801,0.8897370543491823,-0.5469390083157202,-4.34075986002131,2.4671222513057685,-0.9795396325204239
471,-5.76,0.62,2.14,6.29,-1.68,0.11,879.82,16.074,27.59,0.295385896,0.0119,0.0621,0.0745,0.0484,0.02573892,0.000991667,-0.002206288,0.0507,0.0361,0.00263948,-0.004144305,-0.058834,-0.060464,-1.4344682414609113,0.1292961711940639,0.655246061369171,2.7715947969035715,-0.9919508888101839,-1.0173843368459543
472,-2.57,0.7,-0.83,-0.99,0.69,0.1,855.7,16.124,28.5,0.305942307,0.0117,0.0617,0.0735,0.0495,0.028296107,0.000975,0.004422333,-0.0106,0.0021,0.005167513,-0.004144305,-0.026579,-0.02786,-0.7076519448702074,0.1558617915662951,-0.40424641844214265,-0.5710741445046369,0.2083424262812958,-1.0552290411714849
473,-1.88,-0.93,-1.39,0.83,-0.62,0.09,841.15,16.174,29.41,0.312251321,0.0117,0.0595,0.0706,0.0472,0.027918578,0.000975,0.007705008,0.0329,0.0264,0.00256416,-0.004144305,-0.015246,-0.017225,-0.5504408963913404,-0.3854127235179157,-0.6040160442651512,0.2645930908474153,-0.4551108407101972,-1.0930737454970154
474,1.09,0.65,-1.93,1.87,-0.77,0.1,848.18,16.224,30.32,0.286117701,0.0113,0.0589,0.0695,0.0486,0.024101489,0.000941667,0.006007646,-0.0135,-0.008,0.006136133,-0.004144305,0.010308,0.008967,0.12625013836552185,0.1392582788336506,-0.796651040594481,0.7421172253343022,-0.531078772045101,-1.0552290411714849
475,8.22,1.02,1.14,-4.68,1.06,0.1,916.92,16.20433333,31.73,0.269654031,0.0113,0.0574,0.0685,0.0481,0.019969985,0.000941667,-0.002171553,0.0102,0.0229,0.003064828,-0.004144305,0.082774,0.081462,1.750764305980481,0.2621242730552199,0.2985145866852269,-2.2653665062898414,0.3957299902407252,-1.0552290411714849
476,6.05,4.81,0.4,-7.0,2.91,0.09,963.59,16.18466667,33.14,0.258375506,0.0107,0.0522,0.0638,0.0436,0.006443411,0.000891667,-0.001632209,0.0592,0.0471,0.002228351,-0.004144305,0.053251,0.051508,1.2563469506194063,1.5206705381896735,0.03453329541910843,-3.330612652452897,1.3326678100378717,-1.0930737454970154
477,1.42,1.66,0.11,0.51,-0.38,0.1,974.51,16.165,34.55,0.254488337,0.0092,0.0497,0.0619,0.0452,0.001255729,0.000766667,0.001089918,-0.0154,-0.0143,0.001997741,-0.004144305,0.012816,0.011351,0.20143803111628428,0.4746492360330695,-0.06891883223923533,0.11766258792837311,-0.3335621505743512,-1.0552290411714849
478,2.35,4.54,-1.24,-4.14,1.78,0.07,990.31,16.30533333,35.89333333,0.247643335,0.009,0.0549,0.0662,0.0542,0.000265438,0.00075,0.001088732,-0.0982,-0.0881,0.002046059,-0.004144305,0.017932,0.016505,0.41333118341388764,1.4310115694333931,-0.5505063230625596,-2.0174212826139577,0.7603760606482634,-1.1687631541480763
479,2.34,2.48,1.53,-2.25,2.14,0.07,1008.01,16.44566667,37.23666667,0.242856073,0.0095,0.0588,0.0701,0.0532,0.002913331,0.000791667,0.003806417,0.0166,0.0219,0.000966025,-0.004144305,0.019597,0.018014,0.4110527624214403,0.7469468448484394,0.4376398618119651,-1.1496129997483653,0.9426990958520324,-1.1687631541480763
480,-1.24,0.54,0.16,1.01,0.34,0.08,995.97,16.586,38.58,0.246541783,0.0094,0.0572,0.0679,0.049,0.007320962,0.000783333,0.003250271,0.0546,0.0503,0.001869122,-0.004144305,-0.010737,-0.012107,-0.4046219528747102,0.10273055082183272,-0.05108225850503813,0.34724149873937643,0.031083919833187007,-1.1309184498225457
481,6.08,2.71,1.97,-1.35,1.55,0.07,1050.71,16.85233333,41.96666667,0.233308967,0.0092,0.057,0.0673,0.0518,0.007210141,0.000766667,-0.001079914,-0.0283,-0.0203,0.001407576,-0.004144305,0.05556,0.05397,1.2631822135967483,0.8233230034186041,0.5946017106729005,-0.7363709602885593,0.6438918992680775,-1.1687631541480763
482,1.35,2.33,1.78,0.19,1.81,0.07,1058.2,17.11866667,45.35333333,0.233754152,0.0093,0.0565,0.0666,0.0519,0.010000513,0.000775,-0.002702703,-0.0027,0.0052,0.000919633,-0.004144305,0.009259,0.007606,0.18548908416915288,0.697136306650506,0.5268227304829511,-0.029267914990669015,0.7755696469152441,-1.1687631541480763
483,4.29,-2.49,1.6,0.56,0.94,0.08,1111.92,17.385,48.74,0.218739865,0.009,0.0562,0.066,0.0511,0.006946096,0.00075,-0.001084011,0.0139,0.0139,0.000893699,-0.004144305,0.05178,0.050107,0.8553448559486732,-0.9034423207764244,0.46261106503984123,0.14062047900947347,0.3349556451728021,-1.1309184498225457
484,2.15,2.45,2.49,-3.66,3.38,0.07,1131.13,17.598,49.82666667,0.218027721,0.0088,0.0554,0.0644,0.0499,0.006845821,0.000733333,0.004883342,0.0187,0.0187,0.000978819,-0.004144305,0.019078,0.017991,0.36776276356494064,0.7369847372088528,0.7801020775085513,-1.7970255282353949,1.5707006615539034,-1.1687631541480763
485,1.4,-0.93,0.9,2.17,-1.21,0.06,1144.94,17.811,50.91333333,0.21605322,0.0093,0.055,0.0627,0.0483,0.009326615,0.000775,0.005399568,0.023,0.0178,0.000610712,-0.004144305,0.014403,0.012716,0.19688118913138958,-0.3854127235179157,0.21289903276108038,0.8798645718209042,-0.7539180372941521,-1.2066078584736066
486,-1.32,2.1,0.27,1.56,-0.98,0.09,1126.21,18.024,52.0,0.281731465,0.0094,0.0533,0.0611,0.0474,0.012245805,0.000783333,0.006444683,0.0141,0.0118,0.001981263,-0.004144305,-0.014982,-0.016267,-0.422849320814289,0.6207601480803412,-0.011841796289804285,0.5997783006314801,-0.6374338759139663,-1.0930737454970154
487,-1.83,-2.01,-3.1,3.45,-2.84,0.08,1107.3,18.21666667,53.38333333,0.285371867,0.0094,0.0573,0.0646,0.0531,0.01372988,0.000783333,0.003201708,-0.0588,-0.0534,0.001230928,-0.004144305,-0.015584,-0.016719,-0.5390487914291038,-0.744048598543037,-1.2140268659746953,1.4675865834970727,-1.5794362244667732,-1.1309184498225457
488,1.17,-0.38,-0.25,-1.18,0.03,0.06,1120.68,18.40933333,54.76666667,0.286411574,0.0102,0.0604,0.0675,0.0539,0.016286295,0.00085,0.005851064,-0.0051,-0.0071,0.000977626,-0.004144305,0.013629,0.012024,0.1444775063051006,-0.20277408345882617,-0.19734216312545513,-0.6583141306128182,-0.1259164715922808,-1.2066078584736066
489,1.86,2.56,1.18,1.2,-0.39,0.08,1140.84,18.602,56.15,0.279631603,0.0127,0.0601,0.0678,0.0532,0.014448301,0.001058333,0.003172924,0.0121,0.0093,0.000770751,-0.004144305,0.019488,0.018019,0.3016885547839676,0.7735124652206706,0.3127838456725847,0.43448148484755766,-0.3386266793300114,-1.1309184498225457
490,-4.06,-2.95,3.24,5.32,-1.66,0.1,1101.72,18.789,56.69,0.28778831,0.0133,0.0582,0.0662,0.0523,0.014675157,0.001108333,-0.001581444,0.0155,0.0184,0.000777089,-0.004144305,-0.032954,-0.034111,-1.047136672744862,-1.0561946379167537,1.0476506835215094,2.326211709930225,-0.9818218312988634,-1.0552290411714849
491,0.08,-1.13,0.97,1.23,-1.47,0.11,1104.24,18.976,57.23,0.286820616,0.0148,0.0565,0.0646,0.0493,0.014233747,0.001233333,0.000527983,0.0395,0.0395,0.001442837,-0.004144305,0.003807,0.002019,-0.1038703818716603,-0.45182677444849373,0.23787023598895649,0.44825621949621786,-0.8855957849413186,-1.0173843368459543
492,1.6,3.27,0.0,-1.49,-1.88,0.11,1114.58,19.163,57.77,0.289485301,0.0165,0.0546,0.0627,0.0488,0.009086066,0.001375,0.002110818,0.0096,0.0101,0.00070568,-0.004144305,0.010817,0.009347,0.24244960898033657,1.0092823460242226,-0.10815929445446916,-0.8006530553156402,-1.093241463923389,-1.0173843368459543
493,1.43,0.19,-0.22,-0.52,0.49,0.11,1130.2,19.256,58.03,0.291009597,0.0176,0.0547,0.0621,0.0478,0.007381762,0.001466667,0.005265929,0.0154,0.0164,0.001230487,-0.004144305,0.014973,0.013699,0.20371645210873163,-0.013494038306678828,-0.18664021888493684,-0.3552699683422938,0.10705185116809077,-1.0173843368459543
494,4.54,4.11,1.41,-0.58,-0.22,0.15,1173.82,19.349,58.29,0.279831646,0.0207,0.0552,0.062,0.0502,0.012134094,0.001725,0.000523834,-0.0234,-0.02,0.0008574,-0.004144305,0.040559,0.035572,0.9123053807598568,1.2882213599326504,0.3948320848498918,-0.3828194376396141,-0.2525296904837871,-0.8660055195438324
495,3.43,-0.05,-0.22,-1.16,0.46,0.16,1211.92,19.442,58.55,0.270619243,0.0219,0.0547,0.0615,0.0484,0.012960211,0.001825,-0.003664921,0.025,0.0257,0.000727843,-0.004144305,0.033734,0.032086,0.6594006505982012,-0.09319089942337244,-0.18664021888493684,-0.649130974180378,0.09185826490111003,-0.828160815218302
496,-2.76,-1.17,2.06,2.74,-1.46,0.16,1181.27,19.703,59.10666667,0.278179856,0.0233,0.0536,0.0602,0.0465,0.013540097,0.001941667,0.002101944,0.03,0.0277,0.000821397,-0.004144305,-0.023824,-0.024749,-0.750941943726707,-0.46510958463460933,0.6267075433944554,1.1415845301454481,-0.8805312561856583,-0.828160815218302
497,1.89,-0.31,1.54,1.43,-0.05,0.16,1203.6,19.964,59.66333333,0.271041024,0.0254,0.052,0.0582,0.0479,0.011752956,0.002116667,0.005768222,-0.0128,-0.0112,0.000834446,-0.004144305,0.021152,0.019015,0.3085238177613096,-0.17952916563312388,0.44120717655880454,0.5400877838206192,-0.16643270163756282,-0.828160815218302
498,-1.97,-1.42,2.04,0.47,1.29,0.21,1180.59,20.225,60.22,0.319856889,0.0274,0.054,0.0606,0.0488,0.009090006,0.002283333,0.007820647,-0.0072,-0.0125,0.000859896,-0.004144305,-0.01724,-0.018729,-0.5709466853233666,-0.5481271482978318,0.6195729139007765,0.09929627506349284,0.512214151620911,-0.6389372935906497
499,-2.61,-3.98,0.07,0.97,-0.94,0.21,1156.85,20.45833333,61.23333333,0.329624401,0.0278,0.0533,0.0605,0.0461,0.007927809,0.002316667,0.006725297,0.0373,0.0327,0.001825871,-0.004144305,-0.018926,-0.020076,-0.7167656288399968,-1.3982270002092305,-0.08318809122659308,0.32887518587449616,-0.6171757608913252,-0.6389372935906497
500,3.65,2.79,-0.64,-1.0,0.3,0.24,1191.5,20.69166667,62.24666667,0.320965505,0.0284,0.0515,0.0601,0.044,0.004776868,0.002366667,-0.001027749,0.0297,0.0295,0.000859393,-0.004144305,0.031994,0.030156,0.7095259124320429,0.8498886237908354,-0.33646743825219333,-0.5756657227208569,0.01082580481054598,-0.5254031806140582
501,0.57,3.28,2.83,0.96,-0.51,0.23,1191.33,20.925,63.26,0.326979057,0.0297,0.0496,0.0586,0.0429,0.00536596,0.002475,0.000514403,0.0167,0.0141,0.000542133,-0.004144305,0.001717,0.000139,0.007772246758259728,1.0126030485707513,0.9013907789010922,0.3242836076582761,-0.39940102439793446,-0.5632478849395887
502,3.92,2.81,-0.79,-1.19,-0.82,0.24,1234.18,21.107,64.33,0.315734275,0.0322,0.0506,0.0595,0.0456,0.004491485,0.002683333,0.004627249,-0.0288,-0.0244,0.000649913,-0.004144305,0.037364,0.036163,0.7710432792281212,0.8565300288838932,-0.3899771594547849,-0.6629057088290382,-0.5564014158234023,-0.5254031806140582
503,-1.22,-0.89,1.32,-2.05,0.37,0.3,1220.33,21.289,65.4,0.320533125,0.0344,0.0509,0.0596,0.0432,0.005417129,0.002866667,0.005117707,0.0333,0.0233,0.000696701,-0.004144305,-0.009159,-0.011265,-0.4000651108898155,-0.3721299133318001,0.36272625212833687,-1.0577814354239639,0.04627750610016775,-0.29833495466087545
504,0.49,-0.34,0.71,0.27,-0.6,0.29,1228.81,21.471,66.47,0.31789151,0.0342,0.0513,0.0603,0.0464,0.006728709,0.00285,0.012219959,-0.0338,-0.031,0.000659899,-0.004144305,0.008067,0.006916,-0.010455121181319044,-0.1894912732727106,0.14512005257113103,0.007464710739091524,-0.44498178319887666,-0.33617965898640595
505,-2.02,-1.45,0.42,-0.93,-1.3,0.27,1207.01,21.71933333,67.59,0.321808187,0.0371,0.0535,0.063,0.0484,0.005761386,0.003091667,0.002012072,-0.0196,-0.0204,0.001817984,-0.004144305,-0.015672,-0.016697,-0.5823387902856033,-0.5580892559374185,0.04166792491278729,-0.5435246752073165,-0.7994987960950943,-0.4118690676374667
506,3.61,0.84,-1.16,-0.76,-1.14,0.31,1249.48,21.96766667,68.71,0.310914346,0.0388,0.0542,0.0639,0.0481,0.005780327,0.003233333,-0.008032129,0.0076,0.0099,0.000539896,-0.004144305,0.038289,0.035675,0.7004122284622535,0.20235162721769973,-0.5219678050878441,-0.4654678455315754,-0.7184663360045302,-0.26049025033534495
507,-0.25,-0.2,0.2,0.21,0.23,0.32,1248.29,22.216,69.83,0.313477957,0.0389,0.0537,0.0632,0.0461,0.003071206,0.003241667,-0.004048583,0.0267,0.0225,0.000433,-0.004144305,-6e-05,-0.001396,-0.17905827462242277,-0.14300143762130596,-0.03681299951768036,-0.020084758558228888,-0.024625896479075773,-0.22264554600981443
508,3.04,5.75,1.08,-0.64,-0.46,0.35,1280.08,22.40533333,70.77666667,0.309226258,0.0424,0.0529,0.0624,0.0474,-0.000435711,0.003533333,0.007621951,-0.0118,-0.0093,0.000975388,-0.004144305,0.026442,0.025424,0.5705422318927547,1.8328165775633902,0.2771106982041904,-0.4103689069369345,-0.37407838061963317,-0.10911143303322314
509,-0.3,-0.42,-0.34,-0.51,1.91,0.34,1280.66,22.59466667,71.72333333,0.305610361,0.0443,0.0535,0.0627,0.0457,0.00204669,0.003691667,0.002017146,0.0238,0.0128,0.000648551,-0.004144305,0.002425,0.000167,-0.19045037958465952,-0.21605689364494177,-0.22944799584701012,-0.3506783901260737,0.8262149344718466,-0.14695613735875343
510,1.46,3.38,0.6,0.06,-0.41,0.37,1294.87,22.784,72.67,0.316009441,0.0451,0.0553,0.0641,0.0507,0.002160817,0.003758333,0.005535984,-0.0539,-0.0404,0.000545238,-0.004144305,0.012909,0.011511,0.21055171508607368,1.0458100740360405,0.1058795903558972,-0.08895843180152989,-0.3487557368413319,-0.03342202438216212
511,0.73,-0.84,2.34,1.8,0.01,0.36,1310.61,23.00166667,73.27666667,0.308841978,0.046,0.0584,0.0668,0.0532,-0.003466348,0.003833333,0.008508509,-0.0247,-0.0224,0.0005998,-0.004144305,0.012064,0.01085,0.0442269826374173,-0.3555264005991556,0.7265923563059596,0.7099761778207617,-0.13604552910360132,-0.07126672870769263
512,-3.57,-2.85,2.41,1.15,1.46,0.43,1270.09,23.21933333,73.88333333,0.314340308,0.0472,0.0595,0.0675,0.0535,-0.00264804,0.003933333,0.004962779,0.001,-0.002,0.001355149,-0.004144305,-0.028319,-0.030519,-0.9354940441149421,-1.0229876124514647,0.7515635595338358,0.4115235937664573,0.5983111404671352,0.1936462015710207
513,-0.35,-0.24,0.85,1.32,-0.07,0.4,1270.2,23.437,74.49,0.31485029,0.0479,0.0589,0.0678,0.0531,-0.002186473,0.003991667,0.001975309,0.0092,0.0039,0.00210282,-0.004144305,0.001587,0.000348,-0.20184248454689624,-0.15628424780742156,0.19506245902688316,0.4895804234421985,-0.17656175914888333,0.08011208859442938
514,-0.78,-3.63,2.6,1.63,0.9,0.4,1276.66,23.65666667,75.85,0.313852175,0.0495,0.0585,0.0676,0.0518,-0.002364212,0.004125,0.002957122,0.0199,0.0237,0.001451665,-0.004144305,0.005571,0.00451,-0.2998145872221322,-1.2820024110807189,0.8193425397237851,0.6319193481450205,0.3146975301501611,0.08011208859442938
515,2.03,0.44,-2.06,-1.86,2.09,0.42,1303.82,23.87633333,77.21,0.308461799,0.0496,0.0568,0.0659,0.0496,-0.008473302,0.004133333,0.001965602,0.0299,0.0361,0.000469238,-0.004144305,0.02415,0.021679,0.34042171165557245,0.06952352535654369,-0.8430261323033937,-0.9705414493157827,0.917376452073731,0.1558014972454902
516,1.84,-1.46,0.08,0.82,0.6,0.41,1335.85,24.096,78.57,0.300593284,0.0481,0.0551,0.0643,0.0484,-0.009493336,0.004008333,-0.004904365,0.017,0.0183,0.000513377,-0.004144305,0.026487,0.025296,0.2971317127990729,-0.5614099584839475,-0.07962077647975363,0.2600015126311952,0.16276166748035353,0.11795679291995968
517,3.23,1.98,-0.31,-0.12,0.28,0.41,1377.94,24.35866667,79.55,0.290599161,0.0492,0.0551,0.0642,0.0481,-0.008934735,0.0041,-0.00542139,0.0077,0.0127,0.000450577,-0.004144305,0.032527,0.03142,0.6138322307492542,0.5809117175219944,-0.21874605160649177,-0.17160683969349108,0.0006967472992254965,0.11795679291995968
518,1.71,0.71,0.14,0.15,-0.8,0.42,1400.63,24.62133333,80.53,0.287241868,0.0494,0.0533,0.062,0.0467,-0.015105972,0.004116667,-0.00148662,0.0207,0.0246,0.000592203,-0.004144305,0.018385,0.015887,0.26751223989725736,0.159182494112824,-0.058216887998717,-0.047634227855549285,-0.5462723583120818,0.1558014972454902
519,0.87,-0.81,2.73,-0.72,2.06,0.4,1418.3,24.884,81.51,0.2816824,0.0485,0.0532,0.0622,0.0491,-0.015031806,0.004041667,0.001488834,-0.0236,-0.0232,0.000357509,-0.004144305,0.013768,0.012294,0.07612487653168017,-0.3455642929595689,0.8657176314326979,-0.4471015326666951,0.9021828658067503,0.08011208859442938
520,1.4,0.07,-0.68,0.25,0.38,0.44,1438.24,25.08733333,82.05666667,0.27814421,0.0498,0.054,0.0634,0.0502,-0.013982546,0.00415,0.003052527,-0.0102,-0.0051,0.000450485,-0.004144305,0.015313,0.014345,0.19688118913138958,-0.05334246886502564,-0.3507366972395511,-0.0017184456933486169,0.05134203485582801,0.2314909058965512
521,-1.96,1.29,-0.14,-0.51,-0.71,0.38,1406.82,25.29066667,82.60333333,0.286148494,0.0503,0.0539,0.0628,0.0477,-0.015135616,0.004191667,0.005350368,0.0335,0.0287,0.001476815,-0.004144305,-0.019288,-0.021598,-0.5686682643309192,0.3517832418115003,-0.15810170091022133,-0.3506783901260737,-0.5006915995111394,0.004422679943368378
522,0.68,0.2,-0.97,0.64,-0.65,0.43,1420.86,25.494,83.15,0.269050013,0.0494,0.053,0.0627,0.0493,-0.012480691,0.004116667,0.009105696,-0.0145,-0.0231,0.001587551,-0.004144305,0.010894,0.009679,0.03283487767518058,-0.010173335760149924,-0.45418882489789475,0.177353104739234,-0.47030442697717795,0.1936462015710207
523,3.49,-2.04,-1.45,1.15,1.03,0.44,1482.37,25.71933333,83.7402481,0.254456169,0.0487,0.0547,0.0639,0.0489,-0.008905072,0.004058333,0.006496163,0.0085,0.014,0.000582144,-0.004144305,0.043991,0.042857,0.6730711765528853,-0.7540107061826238,-0.6254199327461878,0.4115235937664573,0.3805364039737444,0.2314909058965512
524,3.24,0.4,-0.65,1.58,-1.36,0.41,1530.62,25.94466667,84.33049621,0.243911494,0.0473,0.0547,0.0639,0.051,-0.010276261,0.003941667,0.006110719,-0.02,-0.0178,0.00069655,-0.004144305,0.034459,0.032154,0.6161106517417017,0.0562407151704281,-0.34003475299903274,0.6089614570639202,-0.829885968629056,0.11795679291995968
525,-1.96,0.74,-1.05,0.53,0.08,0.4,1503.35,26.17,84.92074431,0.24789561,0.0461,0.0579,0.067,0.0521,-0.011057478,0.003841667,0.001937975,-0.0091,-0.0148,0.001472429,-0.004144305,-0.01662,-0.017829,-0.5686682643309192,0.1691446017524107,-0.4827273428726103,0.12684574436081325,-0.10059382781397955,0.08011208859442938
526,-3.73,-2.99,-3.71,0.2,-1.13,0.4,1455.27,26.43933333,82.81407765,0.251584964,0.0482,0.0573,0.0665,0.0501,-0.015255467,0.004016667,-0.000254377,0.0284,-0.0032,0.002426262,-0.004144305,-0.031197,-0.032283,-0.9719487799940997,-1.0694774481028695,-1.4316330655319014,-0.024676336774448946,-0.71340180724887,0.08011208859442938
527,0.92,-0.37,-1.86,-1.21,-0.53,0.42,1473.99,26.70866667,80.70741098,0.248839851,0.042,0.0579,0.0665,0.0487,-0.012193563,0.0035,-0.001833902,0.0199,0.0152,0.005134044,-0.004144305,0.015094,0.012859,0.08751698149391691,-0.19945338091229725,-0.771679837366605,-0.6720888652614784,-0.40953008190925494,0.1558014972454902
528,3.22,-2.44,-2.21,-0.52,-3.02,0.32,1526.75,26.978,78.60074431,0.239207437,0.0389,0.0574,0.0659,0.0489,-0.013010957,0.003241667,0.002755907,0.0012,0.0135,0.001868431,-0.004144305,0.037468,0.035923,0.611553809756807,-0.8868388080437798,-0.8965358535059853,-0.3552699683422938,-1.6705977420686575,-0.22264554600981443
529,1.8,-0.08,-2.98,-0.3,-0.09,0.32,1549.38,27.22933333,74.46074431,0.23861706,0.039,0.0566,0.0648,0.048,-0.017953205,0.00325,0.002139191,0.0155,0.0088,0.001682891,-0.004144305,0.01736,0.016292,0.2880180288292835,-0.10315300706295916,-1.1712190890126222,-0.25425524758545226,-0.18669081666020382,-0.22264554600981443
530,-4.83,-3.02,-0.94,1.89,-0.29,0.34,1481.14,27.48066667,70.32074431,0.248579692,0.0327,0.0544,0.064,0.0445,-0.025209935,0.002725,0.005939618,0.0468,0.0079,0.00563682,-0.004144305,-0.041382,-0.043581,-1.222575089163308,-1.079439555742456,-0.4434868806573764,0.7513003817667422,-0.2879813917734089,-0.14695613735875343
531,-0.87,0.15,-0.55,0.87,-1.05,0.27,1468.36,27.732,66.18074431,0.250582973,0.03,0.0549,0.0665,0.045,-0.041591437,0.0025,-0.000670863,-0.0029,0.0028,0.002345333,-0.004144305,-0.006116,-0.007903,-0.32032037615415837,-0.026776848492794433,-0.30436160553063835,0.28295940371229555,-0.6728855772035881,-0.4118690676374667
532,-6.36,-0.65,3.97,2.14,2.14,0.21,1378.55,27.922,64.25074431,0.262754422,0.0275,0.0533,0.0654,0.0436,-0.044186577,0.002291667,0.004970576,0.0213,0.0017,0.004831799,-0.004144305,-0.061166,-0.062332,-1.5711735010077523,-0.29243305221510646,1.3080646600407884,0.866089837172244,0.9426990958520324,-0.6389372935906497
533,-3.09,-0.66,-0.84,0.88,-0.93,0.13,1330.63,28.112,62.32074431,0.270979321,0.0212,0.0553,0.0682,0.0438,-0.050637917,0.001766667,0.002904112,0.0018,-0.0071,0.003225655,-0.004144305,-0.031419,-0.033693,-0.8261298364774695,-0.2957537547616354,-0.40781373318898206,0.2875509819285156,-0.612111232135665,-0.9416949281948934
534,-0.93,0.56,0.3,0.79,0.5,0.17,1322.7,28.302,60.39074431,0.254057567,0.0126,0.0551,0.0689,0.0432,-0.052877042,0.00105,0.008668213,0.0106,-0.0059,0.006337649,-0.004144305,-0.0034,-0.005054,-0.33399090210884247,0.10937195591489052,-0.0011398520492859774,0.24622677798253498,0.11211637992375102,-0.7903161108927714
535,4.6,-1.2,-0.94,1.64,-2.47,0.18,1385.59,28.43866667,57.38382954,0.243014696,0.0129,0.0555,0.0697,0.0458,-0.049833213,0.001075,0.006064778,-0.0288,0.0091,0.002903691,-0.004144305,0.048629,0.04749,0.9259759067145408,-0.47507169227419604,-0.4434868806573764,0.6365109263612406,-1.3920486605073439,-0.7524714065672411
536,1.86,3.02,-1.43,0.93,-0.06,0.18,1400.38,28.57533333,54.37691477,0.246510612,0.0173,0.0557,0.0693,0.0475,-0.046380474,0.001441667,0.008420886,-0.0164,-0.0277,0.001640662,-0.004144305,0.012986,0.010708,0.3016885547839676,0.9262647823610001,-0.618285303252509,0.31050887300961594,-0.1714972303932231,-0.7524714065672411
537,-8.44,1.18,-2.71,4.96,-0.55,0.17,1280.0,28.712,51.37,0.274491388,0.0186,0.0568,0.0707,0.046,-0.048372532,0.00155,0.010076997,0.022,-0.0061,0.003425177,-0.004144305,-0.082842,-0.084569,-2.0450850674368004,0.3152555137996823,-1.0749015908479571,2.160914894146303,-0.4196591394205755,-0.7903161108927714
538,-0.77,3.72,5.42,-1.37,1.08,0.15,1267.38,28.75933333,49.56333333,0.273815655,0.0163,0.0567,0.0716,0.0465,-0.047946534,0.001358333,0.005251011,-0.0025,-0.0109,0.004465911,-0.004144305,-0.007306,-0.008738,-0.2975361662296849,1.1587139606180232,1.8253252983325068,-0.7455541167209995,0.4058590477520457,-0.8660055195438324
539,1.53,3.46,1.59,1.86,0.84,0.13,1282.83,28.80666667,47.75666667,0.269889246,0.0172,0.0564,0.0715,0.0449,-0.047450783,0.001433333,-0.003991562,0.0242,0.0121,0.003447891,-0.004144305,0.014955,0.012682,0.22650066203320512,1.0723756944082716,0.45904375029300176,0.7375256471180821,0.2843103576161996,-0.9416949281948934
540,-9.24,0.25,5.91,2.41,1.78,0.15,1166.36,28.854,45.95,0.287123548,0.0113,0.0565,0.0731,0.0443,-0.050314112,0.000941667,-0.001383019,0.0112,-0.0863,0.023774695,-0.004144305,-0.085467,-0.087287,-2.2273587468325884,0.006430176972494576,2.0001237209276397,0.9900624490101858,0.7603760606482634,-0.8660055195438324
541,-17.23,-3.34,-2.3,3.04,2.05,0.08,968.75,28.69833333,35.59333333,0.334099374,0.0067,0.0628,0.0888,0.0478,-0.057654192,0.000558333,-0.010101333,-0.0383,-0.045,0.058088493,-0.004144305,-0.16698,-0.168455,-4.04781711979802,-1.185702037231381,-0.9286416862275402,1.27933187663205,0.89711833705109,-1.1309184498225457
542,-7.86,-3.89,-6.31,4.53,2.75,0.03,896.24,28.54266667,25.23666667,0.352867356,0.0019,0.0612,0.0921,0.0372,-0.054550718,0.000158333,-0.019152895,0.1443,0.1174,0.036257085,-0.004144305,-0.073512,-0.076514,-1.9129366498748546,-1.3683406772904705,-2.3591348997101553,1.96347703084884,1.2516353499473076,-1.320141971450198
543,1.74,3.29,0.14,0.06,-1.49,0.0,903.25,28.387,14.88,0.354984225,0.0003,0.0505,0.0843,0.0303,-0.024768004,2.5e-05,-0.010342474,0.0967,0.156,0.020089947,-0.004144305,0.011995,0.009229,0.2743475028745994,1.0159237511172805,-0.058216887998717,-0.08895843180152989,-0.8957248424526392,-1.4336760844267895
544,-8.12,-2.14,-11.29,0.18,-1.17,0.0,825.88,28.00966667,12.20666667,0.38939314,0.0013,0.0505,0.0814,0.0394,-0.025346666,0.000108333,0.004352417,-0.1124,-0.0949,0.011971097,-0.004144305,-0.082615,-0.084039,-1.972175595678485,-0.7872177316479128,-4.135657643636196,-0.03385949320688909,-0.733659922271511,-1.4336760844267895
545,-10.1,-1.32,-6.95,1.19,-1.02,0.01,735.09,27.63233333,9.533333333,0.441103055,0.003,0.0527,0.0808,0.0401,-0.025259504,0.00025,0.004972933,-0.0056,-0.0308,0.009961162,-0.004144305,-0.103588,-0.107402,-2.42330295218306,-0.5149201228325428,-2.58744304350788,0.4298899066313376,-0.6576919909366072,-1.395831380101259
546,8.95,0.67,3.47,-2.52,-2.25,0.02,797.87,27.255,6.86,0.296528285,0.0021,0.055,0.0842,0.0355,-0.037758136,0.000175,0.002431748,0.0641,-0.0018,0.020364428,-0.004144305,0.087634,0.084154,1.9170890384291368,0.14589968392670843,1.1296989226988163,-1.2735856115863071,-1.2806290278828183,-1.3579866757757284
547,10.18,7.13,5.36,1.31,0.13,0.01,872.81,26.70133333,7.076666667,0.276227577,0.0016,0.0539,0.0839,0.041,-0.031360408,0.000133333,0.002496368,-0.0649,-0.003,0.007551066,-0.004144305,0.09423,0.09255,2.197334820500161,2.2910735289843784,1.8039214098514704,0.48498884522597846,-0.0752711840356783,-1.395831380101259
548,5.21,-2.32,0.28,-0.78,-2.17,0.0,919.14,26.14766667,7.293333333,0.265432048,0.0018,0.0554,0.0806,0.0432,-0.024779038,0.00015,0.002888764,-0.0248,0.0489,0.006381091,-0.004144305,0.05464,0.051848,1.064959587253829,-0.8469903774854329,-0.008274481542964843,-0.4746510019640155,-1.2401127978375364,-1.4336760844267895
549,0.43,2.29,-2.73,-1.41,-0.33,0.01,919.32,25.594,7.51,0.267107849,0.0018,0.0561,0.075,0.0429,-0.022539012,0.00015,0.008589892,0.0083,0.035,0.003472523,-0.004144305,0.002476,0.00068,-0.024125647136003132,0.6838534964643903,-1.082036220341636,-0.7639204295858797,-0.30823950679604994,-1.395831380101259
550,7.72,2.39,4.83,-0.46,3.14,0.01,987.48,25.02966667,9.186666667,0.246004791,0.0018,0.0541,0.0709,0.043,-0.014189596,0.00015,-0.001585587,0.0019,0.0565,0.003771153,-0.004144305,0.074482,0.073101,1.6368432563581132,0.7170605219296794,1.61485372826898,-0.32772049904497336,1.4491519714180576,-1.395831380101259
551,3.33,-0.09,7.63,-3.02,3.34,0.01,1020.62,24.46533333,10.86333333,0.237594089,0.0017,0.0526,0.0658,0.0415,-0.008173233,0.000141667,0.00224285,0.0231,0.0235,0.002177735,-0.004144305,0.034751,0.032255,0.6366164406737277,-0.10647370960948806,2.613701857384023,-1.5031645223973105,1.5504425465312623,-1.395831380101259
552,4.08,2.73,1.05,1.31,0.36,0.01,1057.08,23.901,12.54,0.232310024,0.0012,0.0513,0.0631,0.0403,-6.34e-05,0.0001,0.000625481,0.0176,0.0273,0.001912658,-0.004144305,0.036534,0.034978,0.8074980151072788,0.829964408511662,0.26640875396367203,0.48498884522597846,0.04121297734450749,-1.395831380101259
553,-2.59,-4.93,-4.21,4.17,-1.51,0.0,1036.19,23.40233333,25.35,0.232299261,0.0007,0.0515,0.0629,0.042,0.003145949,5.83e-05,0.000963101,-0.0171,0.0016,0.003898019,-0.004144305,-0.018259,-0.019458,-0.7122087868551021,-1.7136937421294758,-1.6099988028738732,1.7981802150649175,-0.9058538999639596,-1.4336760844267895
554,5.56,-2.68,-0.34,1.0,0.12,0.0,1095.63,22.90366667,38.16,0.218104872,0.0005,0.0519,0.0632,0.0406,0.007464034,4.17e-05,0.000707753,0.0208,0.0044,0.002001332,-0.004144305,0.060257,0.057607,1.1447043219894861,-0.9665356691604734,-0.22944799584701012,0.34264992052315635,-0.08033571279133855,-1.4336760844267895
555,2.75,6.24,-0.17,1.02,-0.09,0.01,1115.1,22.405,50.97,0.216364517,0.0005,0.0526,0.0637,0.0458,0.010533821,4.17e-05,-0.001761198,-0.0584,-0.0275,0.000933454,-0.004144305,0.018983,0.017346,0.5044680231117815,1.9955310023433064,-0.16880364515073962,0.3518330769555965,-0.18669081666020382,-1.395831380101259
556,-3.36,0.34,0.43,-1.27,0.46,0.0,1073.87,22.238,54.29,0.22411702,0.0006,0.0526,0.0625,0.0440589,0.01335015,5e-05,0.003417474,0.0263637,0.0095528,0.001991705,-0.004144305,-0.035751,-0.036781,-0.8876472032735478,0.03631649989125469,0.04523523965962674,-0.6996383345587988,0.09185826490111003,-1.4336760844267895
557,3.4,1.51,3.23,-0.27,1.43,0.0,1104.49,22.071,57.61,0.218518468,0.0011,0.0535,0.0634,0.0440712,0.0138627,9.17e-05,0.000249207,0.0031542,0.00388,0.002373256,-0.004144305,0.030424,0.028014,0.6525653876208591,0.42483869783513606,1.0440833687746698,-0.24048051293679212,0.5831175542001544,-1.4336760844267895
558,6.31,1.85,2.21,-0.65,1.69,0.01,1169.43,21.904,60.93,0.38187817,0.0015,0.0527,0.0627,0.0457777,0.026337232,0.000125,0.004106284,-0.0178755,0.0045083,0.000633437,-0.004144305,0.061014,0.05943,1.3155858964230374,0.5377425844171188,0.680217264597047,-0.4149604851531546,0.714795301847321,-1.395831380101259
559,2.0,4.98,2.89,0.69,1.72,0.01,1186.69,21.94833333,62.98666667,0.376606129,0.0016,0.0529,0.0625,0.0437358,0.026617051,0.000133333,0.001736885,0.0303965,0.0357402,0.001793867,-0.004144305,0.015977,0.014957,0.33358644867823045,1.577122481480665,0.9227946673821289,0.2003109958203343,0.7299888881143017,-1.395831380101259
560,-7.89,0.04,-2.44,1.3,-0.21,0.01,1089.41,21.99266667,65.04333333,0.409002795,0.0016,0.0496,0.0605,0.040681,0.025682697,0.000133333,0.000775197,0.0436836,-0.0051031,0.008107791,-0.004144305,-0.080111,-0.082337,-1.9197719128521964,-0.06330457650461234,-0.9785840926832924,0.4803972670097584,-0.24746516172812685,-1.395831380101259
561,-5.57,-2.47,-4.7,-0.16,-1.55,0.01,1030.71,22.037,67.1,0.424176541,0.0012,0.0488,0.0623,0.0376074,0.018726384,0.0001,-0.000976267,0.0445643,0.0519454,0.005591726,-0.004144305,-0.053525,-0.055115,-1.391178242604412,-0.8968009156833665,-1.7847972254690059,-0.18997315255837133,-0.9261120149866007,-1.395831380101259
562,6.93,0.12,-0.31,0.24,2.01,0.01,1101.6,22.14233333,68.68666667,0.396133553,0.0016,0.0472,0.0601,0.0376576,0.015517815,0.000133333,0.000211043,0.0024381,0.0169798,0.003348826,-0.004144305,0.070451,0.06862,1.4568479979547728,-0.03673895613238114,-0.21874605160649177,-0.006310023909568687,0.8768602220284489,-1.395831380101259
563,-4.77,-3.15,-1.9,0.53,-1.59,0.01,1049.33,22.24766667,70.27333333,0.413981619,0.0016,0.0449,0.0566,0.0327078,0.011120043,0.000133333,0.001380664,0.0702126,0.0473188,0.002704607,-0.004144305,-0.045434,-0.04784,-1.208904563208624,-1.1226086888473317,-0.7859490963539626,0.12684574436081325,-0.9463701300092416,-1.395831380101259
564,9.54,3.75,-3.16,-0.21,0.38,0.01,1141.2,22.353,71.86,0.384305783,0.0015,0.0453,0.0566,0.034063,0.003239165,0.000125,0.000581736,-0.0153301,-0.0143948,0.002337192,-0.004144305,0.090383,0.088751,2.0515158769835304,1.1686760682576098,-1.2354307544557321,-0.21293104363947168,0.05134203485582801,-1.395831380101259
565,3.88,0.8,-2.43,1.19,-0.26,0.01,1183.26,22.47833333,73.69,0.372887286,0.0013,0.0468,0.0572,0.0367157,0.007144769,0.000108333,0.001245199,-0.0317387,-0.0202745,0.001080044,-0.004144305,0.038726,0.037081,0.7619295952583318,0.18906881703158412,-0.975016777936453,0.4298899066313376,-0.2727878055064281,-1.395831380101259
566,0.6,3.67,-0.96,0.45,1.59,0.01,1180.55,22.60366667,75.52,0.376694754,0.0014,0.0487,0.0592,0.0380256,0.014759639,0.000116667,0.000420646,-0.0137264,-0.0057274,0.001737916,-0.004144305,-5.1e-05,-0.002571,0.014607509735601777,1.1421104478853785,-0.45062151015105534,0.09011311863105272,0.6641500142907185,-1.395831380101259
567,6.82,1.03,3.7,-3.44,3.16,0.01,1257.64,22.729,77.35,0.358100317,0.0014,0.0502,0.061,0.0413782,0.012573506,0.000116667,0.001718441,-0.0388143,-0.0036191,0.00083212,-0.004144305,0.067054,0.065249,1.4317853670378522,0.26544497560174884,1.2117471618761235,-1.6960108074785532,1.459281028929378,-1.395831380101259
568,1.99,-2.43,0.83,-0.76,0.83,0.01,1286.12,22.963,78.67,0.348632224,0.0015,0.0504,0.0609,0.0432,0.015335882,0.000125,0.00476323,-0.0196,-0.0198,0.00086324,-0.004144305,0.023349,0.022319,0.3313080276857831,-0.883518105497251,0.18792782953320428,-0.4654678455315754,0.27924582886053934,-1.395831380101259
569,3.49,1.65,1.27,-1.94,0.88,0.01,1327.22,23.197,79.99,0.339096573,0.0013,0.0522,0.0615,0.0426,0.015896537,0.000108333,0.004931365,0.0113,0.0157,0.001065549,-0.004144305,0.032508,0.030251,0.6730711765528853,0.47132853348654064,0.3448896783941397,-1.0072740750455431,0.3045684726388406,-1.395831380101259
570,0.46,2.62,-1.83,1.76,-0.03,0.01,1325.83,23.431,81.31,0.354269939,0.001,0.0513,0.0603,0.0429,0.012454255,8.33e-05,0.009751072,-0.0006,-0.0072,0.002347269,-0.004144305,0.000625,-0.000867,-0.017290384158661083,0.7934366804998441,-0.7609778931260865,0.6916098649558814,-0.15630364412624234,-1.395831380101259
571,2.9,-0.55,-2.43,1.01,-0.8,0.0,1363.61,23.73433333,82.16333333,0.340696801,0.0006,0.0516,0.0602,0.0416,0.009363301,5e-05,0.00643943,0.0199,0.0239,0.000636542,-0.004144305,0.029441,0.028358,0.5386443379984918,-0.25922602674981754,-0.975016777936453,0.34724149873937643,-0.5462723583120818,-1.4336760844267895
572,-1.27,-0.63,-2.12,2.08,-1.59,0.0,1345.2,24.03766667,83.01666667,0.347222189,0.0004,0.0496,0.0578,0.0391,0.009094734,3.33e-05,0.004704188,0.0355,0.0257,0.000934191,-0.004144305,-0.011313,-0.013573,-0.41145721585205225,-0.2857916471220487,-0.8644300207844303,0.8385403678749236,-0.9463701300092416,-1.4336760844267895
573,-1.75,0.16,-0.42,2.49,-1.53,0.0,1320.64,24.341,83.87,0.351570039,0.0004,0.0499,0.0575,0.0409,0.01171812,3.33e-05,-0.001070967,-0.0179,-0.021,0.002294749,-0.004144305,-0.016545,-0.018106,-0.520821423489525,-0.02345614594626553,-0.2579865138217256,1.0267950747399464,-0.9159829574752801,-1.4336760844267895
574,-2.35,-1.2,-0.9,2.68,-1.81,0.0,1292.28,24.621,84.90666667,0.359418903,0.0004,0.0493,0.0576,0.0378,0.012368431,3.33e-05,0.000886046,0.0422,0.0473,0.001830759,-0.004144305,-0.019828,-0.020982,-0.6575266830363659,-0.47507169227419604,-0.42921762167001876,1.1140350608481275,-1.0577897626337671,-1.4336760844267895
575,-5.99,-3.2,-2.36,3.3,-0.38,0.01,1218.89,24.901,85.94333333,0.375812522,0.0002,0.0437,0.0536,0.0315,0.012766928,1.67e-05,0.002757589,0.0862,0.024,0.019222199,-0.004144305,-0.054322,-0.056734,-1.4868719242872004,-1.1392122015799764,-0.9500455747085768,1.3987129102537716,-0.3335621505743512,-1.395831380101259
576,-7.59,-3.66,-1.72,2.04,0.24,0.0,1131.42,25.181,86.98,0.399922847,0.0001,0.0409,0.0527,0.0265,0.013092446,8.33e-06,0.001518462,0.0704,0.0575,0.006915736,-0.004144305,-0.070238,-0.071739,-1.8514192830787761,-1.2919645187203057,-0.7217374309108529,0.8201740550100433,-0.01956136772341553,-1.4336760844267895
577,11.35,3.46,0.1,-2.16,-0.86,0.0,1253.3,25.59566667,86.97,0.365077905,0.0002,0.0398,0.0537,0.0291,0.00792846,1.67e-05,-0.002062683,-0.0306,0.0094,0.007400881,-0.004144305,0.109014,0.107554,2.463910076616501,1.0723756944082716,-0.07248614698607476,-1.1082887958023848,-0.5766595308460433,-1.4336760844267895
578,-0.28,-0.28,-0.46,1.86,1.49,0.0,1246.96,26.01033333,86.96,0.362329898,0.0001,0.0387,0.0514,0.0273,-0.00433557,8.33e-06,-0.000843561,0.0251,-0.0356,0.007679543,-0.004144305,-0.002727,-0.005552,-0.18589353759976482,-0.1695670579935372,-0.27225577280908336,0.7375256471180821,0.6135047267341159,-1.4336760844267895
579,0.74,-0.33,1.63,0.98,2.52,0.0,1257.6,26.425,86.95,0.357232541,0.0001,0.0393,0.0525,0.0255,-0.006495091,8.33e-06,-0.002466516,0.027,0.0512,0.002764065,-0.004144305,0.009427,0.007613,0.04650540362986465,-0.18617057072618168,0.47331300928035946,0.33346676409071624,1.1351511885671222,-1.4336760844267895
580,5.05,2.06,-0.97,-2.01,-1.43,0.0,1312.41,26.73433333,87.48,0.345487303,0.0003,0.0385,0.0523,0.0249,-0.013070136,2.5e-05,0.004400191,0.0002,0.0194,0.000648156,-0.004144305,0.045205,0.044003,1.0285048513746715,0.6074773378942256,-0.45418882489789475,-1.0394151225590835,-0.8653376699186776,-1.4336760844267895
581,4.42,-1.71,0.43,-0.48,-0.01,0.0,1365.68,27.04366667,88.01,0.336973935,0.0009,0.0385,0.0514,0.0272,-0.014466842,7.5e-05,0.004402974,-0.0196,0.0057,0.000623691,-0.004144305,0.04334,0.040744,0.8849643288504886,-0.64442752214717,0.04523523965962674,-0.3369036554774135,-0.14617458661492183,-1.4336760844267895
582,3.11,-0.47,1.14,-0.54,0.74,0.0,1408.47,27.353,88.54,0.346181967,0.0008,0.0399,0.0523,0.0297,-0.013773118,6.67e-05,0.007594559,-0.0302,-0.0303,0.001155302,-0.004144305,0.032866,0.031282,0.586491178839886,-0.23266040637758628,0.2985145866852269,-0.3644531247747339,0.23366507005959708,-1.4336760844267895
583,-0.85,-0.55,-0.78,1.3,0.65,0.0,1397.91,27.67533333,88.33333333,0.346140311,0.0008,0.0396,0.0519,0.0268,-0.012404235,6.67e-05,0.00302103,0.0409,0.0251,0.001627534,-0.004144305,-0.006034,-0.007237,-0.31576353416926367,-0.25922602674981754,-0.3864098447079454,0.4803972670097584,0.18808431125865482,-1.4336760844267895
584,-6.19,-0.12,-1.07,2.08,2.31,0.01,1310.33,27.99766667,88.12666667,0.36904736,0.0009,0.038,0.0507,0.0221,-0.016061539,7.5e-05,-0.001173479,0.0643,0.0344,0.001496093,-0.004144305,-0.05979,-0.062433,-1.5324403441361474,-0.11643581724907476,-0.4898619723662892,0.8385403678749236,1.0287960846982567,-1.395831380101259
585,3.89,0.84,0.62,-1.09,0.46,0.0,1362.16,28.32,87.92,0.355103885,0.0009,0.0364,0.0502,0.0233,-0.019820145,7.5e-05,-0.001466397,-0.0136,0.0064,0.003437258,-0.004144305,0.041465,0.039888,0.7642080162507793,0.20235162721769973,0.11301421984957609,-0.6169899266668376,0.09185826490111003,-1.4336760844267895
586,0.79,-2.78,-0.02,1.1,0.05,0.0,1379.32,28.74333333,87.44666667,0.351593705,0.001,0.034,0.0487,0.0216,-0.021091208,8.33e-05,-0.001629786,0.0247,0.0612,0.001552866,-0.004144305,0.014363,0.013096,0.057897508592101396,-0.9997426946257624,-0.11529392394814804,0.38856570268535706,-0.11578741408096031,-1.4336760844267895
587,2.55,0.44,1.3,-1.33,-0.84,0.01,1406.58,29.16666667,86.97333333,0.349387052,0.001,0.0348,0.0491,0.0223,-0.020535578,8.33e-05,0.005565158,-0.0068,-0.0093,0.000727126,-0.004144305,0.022744,0.019938,0.4588996032628346,0.06952352535654369,0.355591622634658,-0.7271878038561193,-0.5665304733347227,-1.395831380101259
588,2.73,0.61,1.6,-1.49,1.55,0.01,1440.67,29.59,86.5,0.340382954,0.0011,0.0349,0.0484,0.0235,-0.018153082,9.17e-05,0.004462212,-0.0146,-0.0126,0.001044683,-0.004144305,0.02512,0.023547,0.49991118112688687,0.125975468647535,0.46261106503984123,-0.8006530553156402,0.6438918992680775,-1.395831380101259
589,-1.76,-0.89,3.59,-1.34,2.5,0.01,1412.16,30.14231402,86.50333333,0.349237122,0.001,0.0347,0.0458,0.0238,-0.016443289,8.33e-05,-0.000388925,-0.0014,0.0206,0.000925526,-0.004144305,-0.017837,-0.019227,-0.5230998444819722,-0.3721299133318001,1.1725066996608895,-0.7317793820723393,1.1250221310558013,-1.395831380101259
590,0.78,0.46,-0.84,0.6,0.84,0.01,1416.18,30.69462805,86.50666667,0.351137531,0.0009,0.035,0.0451,0.0228,-0.012810835,7.5e-05,-0.004738087,0.0144,-0.0092,0.001902651,-0.004144305,0.005326,0.002154,0.055619087599654046,0.0761649304496015,-0.40781373318898206,0.15898679187435372,0.2843103576161996,-1.395831380101259
591,1.18,1.89,3.51,-1.85,0.91,0.01,1426.19,31.24694207,86.51,0.349032443,0.0007,0.0365,0.0463,0.0246,-0.012258026,5.83e-05,-0.002693064,-0.0202,-0.0062,0.001035712,-0.004144305,0.008508,0.005902,0.14675592729754794,0.5510253946032343,1.143968181686174,-0.9659498710995627,0.3197620589058214,-1.395831380101259
592,5.57,0.48,0.96,-1.93,1.41,0.0,1498.11,31.5352754,86.90666667,0.329984027,0.0007,0.038,0.0473,0.0291,-0.008679145,5.83e-05,0.002957304,-0.0332,-0.0313,0.00090677,-0.004144305,0.052361,0.051024,1.1469827429819337,0.08280633554265929,0.23430292124211705,-1.002682496829323,0.5729884966888339,-1.4336760844267895
593,1.29,-0.25,0.11,-0.67,0.52,0.0,1514.68,31.82360873,87.30333333,0.325431232,0.001,0.039,0.0485,0.0285,-0.009525656,8.33e-05,0.00819003,0.0114,0.0093,0.001242766,-0.004144305,0.013013,0.010511,0.1718185582144688,-0.15960495035395048,-0.06891883223923533,-0.42414364158559476,0.12224543743507155,-1.4336760844267895
594,4.03,0.85,-0.19,0.14,1.38,0.0,1569.19,32.11194207,87.7,0.346129997,0.0009,0.0393,0.0485,0.0287,-0.009549838,7.5e-05,0.002614509,-0.0062,-0.0018,0.000484499,-0.004144305,0.037584,0.036025,0.7961059101450422,0.20567232976422864,-0.1759382746444185,-0.05222580607176934,0.5577949104218531,-1.4336760844267895
595,1.55,-2.25,0.45,0.27,0.37,0.0,1597.57,32.49674182,88.78333333,0.340036254,0.0006,0.0373,0.0459,0.0264,-0.008668375,5e-05,-0.001039639,0.0378,0.0349,0.00168273,-0.004144305,0.019621,0.018482,0.23105750401809982,-0.8237454596597307,0.052369869153305625,0.007464710739091524,0.04627750610016775,-1.4336760844267895
596,2.8,2.06,2.63,-1.97,-0.87,0.0,1630.74,32.88154157,89.86666667,0.333832598,0.0004,0.0389,0.0473,0.0309,-0.004689718,3.33e-05,0.001780408,-0.0629,-0.0536,0.00101556,-0.004144305,0.02312,0.020441,0.5158601280740183,0.6074773378942256,0.8300444839643034,-1.0210488096942034,-0.5817240596017035,-1.4336760844267895
597,-1.2,1.57,0.03,-0.38,0.0,0.0,1606.28,33.26634132,90.95,0.338444358,0.0005,0.0427,0.0519,0.033,0.000145598,4.17e-05,0.002399708,-0.0285,-0.0371,0.002247641,-0.004144305,-0.013601,-0.015262,-0.3955082689049208,0.4447629131143095,-0.09745735021395086,-0.2909878733152128,-0.14111005785926156,-1.4336760844267895
598,5.65,1.81,0.57,-1.35,0.51,0.0,1685.73,33.64553134,92.09,0.325562565,0.0004,0.0434,0.0532,0.0344,0.008390397,3.33e-05,0.000393998,-0.0173,0.0031,0.000502077,-0.004144305,0.050672,0.049287,1.1652101109215125,0.5244597742310031,0.09517764611537888,-0.7363709602885593,0.11718090867941128,-1.4336760844267895
599,-2.71,-0.06,-2.69,0.66,-2.16,0.0,1632.97,34.02472136,93.23,0.340713327,0.0004,0.0454,0.0542,0.0351,0.010357496,3.33e-05,0.001202932,-0.0079,-0.0074,0.000950438,-0.004144305,-0.029207,-0.031638,-0.7395498387644703,-0.09651160196990134,-1.0677669613542784,0.18653626117167413,-1.2350482690818763,-1.4336760844267895
600,3.77,2.63,-1.22,-0.58,-1.36,0.0,1681.55,34.40391138,94.37,0.333521485,0.0002,0.0464,0.0547,0.0349,0.010143778,1.67e-05,0.001163004,0.0061,0.0014,0.000622229,-0.004144305,0.03166,0.030064,0.7368669643414111,0.7967573830463729,-0.5433716935688807,-0.3828194376396141,-0.829885968629056,-1.4336760844267895
601,4.18,-1.48,1.25,2.78,0.87,0.0,1756.54,34.59995562,96.31333333,0.324594825,0.0005,0.0453,0.0531,0.0342,0.009646756,4.17e-05,-0.002575283,0.0128,0.0211,0.001438361,-0.004144305,0.046268,0.044953,0.8302822250317522,-0.5680513635770053,0.3377550489004608,1.159950843010328,0.29950394388318036,-1.4336760844267895
602,3.13,1.41,0.32,0.14,0.04,0.0,1805.81,34.79599987,98.25666667,0.313685278,0.0007,0.0463,0.0538,0.0361,0.010345567,5.83e-05,-0.002042424,-0.0236,-0.0086,0.000644417,-0.004144305,0.030817,0.028398,0.5910480208247807,0.39163167236984703,0.005994777444392908,-0.05222580607176934,-0.12085194283662055,-1.4336760844267895
603,2.81,-0.45,-0.02,-0.46,0.09,0.0,1848.36,34.99204411,100.2,0.304408126,0.0007,0.0462,0.0538,0.0378,0.012168529,5.83e-05,-8.58e-05,-0.0207,0.0002,0.000745536,-0.004144305,0.02595,0.024196,0.5181385490664656,-0.22601900128452848,-0.11529392394814804,-0.32772049904497336,-0.0955292990583193,-1.4336760844267895
604,-3.32,0.58,-2.07,-3.88,-1.42,0.0,1782.59,35.40392243,100.4166667,0.321429277,0.0004,0.0449,0.0519,0.0342,0.013791111,3.33e-05,0.003720248,0.0548,0.0331,0.001303569,-0.004144305,-0.034666,-0.035731,-0.8785335193037584,0.11601336100794829,-0.8465934470502331,-1.8980402489922361,-0.8602731411630173,-1.4336760844267895
605,4.65,0.14,-0.31,-0.23,-0.45,0.0,1859.45,35.81580075,100.6333333,0.309163072,0.0005,0.0445,0.051,0.0339,0.016617655,4.17e-05,0.003697909,0.0074,0.0168,0.001253563,-0.004144305,0.045757,0.043194,0.9373680116767777,-0.03009755103932333,-0.21874605160649177,-0.22211420007191182,-0.3690138518639729,-1.4336760844267895
606,0.43,-1.09,4.93,2.13,1.92,0.0,1872.34,36.22767907,100.85,0.350616066,0.0005,0.0438,0.0506,0.0337,0.016463073,4.17e-05,0.006440044,0.0063,0.0062,0.000869064,-0.004144305,0.008056,0.006537,-0.024125647136003132,-0.4385439642623782,1.6505268757373743,0.8614982589560238,0.8312794632275068,-1.4336760844267895
607,-0.19,-4.12,1.17,3.48,1.02,0.0,1883.95,36.61201165,101.6066667,0.348011319,0.0003,0.0424,0.049,0.0326,0.016696287,2.5e-05,0.003296754,0.0181,0.016,0.001362664,-0.004144305,0.006555,0.005388,-0.16538774866773867,-1.444716835860635,0.30921653092574525,1.4813613181457328,0.3754718752180841,-1.4336760844267895
608,2.06,-1.89,-0.13,0.05,-1.0,0.0,1923.57,36.99634422,102.3633333,0.345173256,0.0003,0.0416,0.0476,0.0309,0.014026012,2.5e-05,0.00349261,0.0279,0.0188,0.000555193,-0.004144305,0.023309,0.020895,0.34725697463291455,-0.7042001679846901,-0.15453438616338186,-0.09355001001774996,-0.6475629334252868,-1.4336760844267895
609,2.61,3.11,-0.7,-1.89,-2.0,0.0,1960.23,37.3806768,103.12,0.342928459,0.0004,0.0425,0.048,0.0313,0.013931231,3.33e-05,0.001862127,-0.0025,0.002,0.000281999,-0.004144305,0.020635,0.019048,0.4725701292175187,0.9561511052797601,-0.3578713267332299,-0.9843161839644428,-1.1540158089913122,-1.4336760844267895
610,-2.04,-4.29,0.03,0.89,0.52,0.0,1930.67,37.7519883,104.0666667,0.348379852,0.0003,0.0416,0.0473,0.031,0.008472843,2.5e-05,-0.000390194,0.0057,0.0024,0.000949121,-0.004144305,-0.013974,-0.015278,-0.586895632270498,-1.5011687791516264,-0.09745735021395086,0.29214256014473566,0.12224543743507155,-1.4336760844267895
611,4.24,0.31,-0.45,-0.64,-0.7,0.0,2003.37,38.1232998,105.0133333,0.337476204,0.0003,0.0408,0.0469,0.0287,0.00676993,2.5e-05,-0.001670514,0.0369,0.0356,0.000546197,-0.004144305,0.039777,0.037446,0.8439527509864364,0.02635439225166798,-0.26868845806224395,-0.4103689069369345,-0.4956270707554792,-1.4336760844267895
612,-1.97,-3.72,-1.34,1.3,-0.51,0.0,1972.29,38.4946113,105.96,0.338576181,0.0002,0.0411,0.048,0.03,0.008024088,1.67e-05,0.000752569,-0.017,-0.0271,0.000721013,-0.004144305,-0.013928,-0.015467,-0.5709466853233666,-1.3118887339994791,-0.5861794705309541,0.4803972670097584,-0.39940102439793446,-1.4336760844267895
613,2.52,3.73,-1.81,-0.57,-0.11,0.0,2018.05,38.8107879,104.7433333,0.331808365,0.0002,0.0392,0.0469,0.0282,0.008068228,1.67e-05,-0.002512278,0.03,0.0225,0.002943964,-0.004144305,0.023972,0.0228,0.4520643402854926,1.162034663164552,-0.7538432636324077,-0.37822785942339404,-0.19681987417152433,-1.4336760844267895
614,2.55,-2.28,-3.09,1.5,0.27,0.0,2067.56,39.12696449,103.5266667,0.323661786,0.0002,0.0392,0.0479,0.0264,0.006925315,1.67e-05,-0.005399418,0.0286,0.0173,0.000150262,-0.004144305,0.027631,0.025159,0.4588996032628346,-0.8337075672993173,-1.210459551227856,0.5722288313341597,-0.00436778145643476,-1.4336760844267895
615,-0.06,2.86,2.27,-1.22,0.96,0.0,2058.9,39.44314109,102.31,0.323755672,0.0003,0.0379,0.0474,0.0246,0.005656006,2.5e-05,-0.005670101,0.029,0.0183,0.001992841,-0.004144305,-0.002473,-0.004249,-0.13576827576592318,0.8731335416165377,0.7016211530780836,-0.6766804434776984,0.3450847026841226,-1.4336760844267895
616,-3.11,-0.92,-3.58,1.61,-1.65,0.0,1994.98999,39.89763068,101.29,0.336168763,0.0003,0.0346,0.0445,0.02,0.000212963,2.5e-05,-0.004705892,0.0709,0.0599,0.002226648,-0.004144305,-0.02943,-0.030468,-0.8306866784623642,-0.38209202097138684,-1.3852579738229884,0.6227361917125804,-0.9767573025432031,-1.4336760844267895
617,6.13,0.32,-1.86,-1.12,-1.82,0.0,2104.5,40.35212026,100.27,0.318227291,0.0002,0.0361,0.0451,0.0238,-0.003762537,1.67e-05,0.004343045,-0.0523,-0.032,0.000813519,-0.004144305,0.057008,0.054305,1.274574318558985,0.029675094798196883,-0.771679837366605,-0.6307646613154978,-1.0628542913894274,-1.4336760844267895
618,-1.12,3.07,-0.37,0.09,-0.52,0.0,2067.889893,40.80660985,99.25,0.307454045,0.0003,0.0364,0.0454,0.023,-0.00689983,2.5e-05,0.005951722,0.0137,0.0058,0.00172038,-0.004144305,-0.014993,-0.016628,-0.37728090096534206,0.9428682950936446,-0.24014994008752844,-0.07518369715286968,-0.40446555315359467,-1.4336760844267895
619,0.59,-3.09,1.82,0.06,-0.61,0.0,2085.51001,41.11840717,97.80333333,0.30634421,0.0002,0.0352,0.0448,0.0249,-0.007084545,1.67e-05,0.002032873,-0.025,-0.0223,0.000574338,-0.004144305,0.0091,0.008004,0.012329088743154427,-1.1026844735681582,0.5410919894703089,-0.08895843180152989,-0.4500463119545369,-1.4336760844267895
620,1.36,0.83,-1.14,-1.79,-0.74,0.0,2107.389893,41.43020449,96.35666667,0.303449953,0.0002,0.0398,0.0489,0.0262,-0.007509575,1.67e-05,0.005097232,-0.0159,-0.0204,0.000887003,-0.004144305,0.012522,0.010141,0.18776750516160023,0.19903092467117084,-0.5148331755941652,-0.9384004018022423,-0.5158851857781203,-1.4336760844267895
621,-1.53,2.9,-0.79,0.44,-1.58,0.0,2063.110107,41.74200181,94.91,0.310186833,0.0002,0.0419,0.0513,0.0285,-0.008148478,1.67e-05,0.00350287,-0.0298,-0.032,0.001052136,-0.004144305,-0.019343,-0.02102,-0.47069616165568334,0.8864163518026532,-0.3899771594547849,0.08552154041483265,-0.9413056012535814,-1.4336760844267895
622,1.54,-4.55,-4.13,0.3,-2.41,0.0,2103.840088,41.99813338,93.49333333,0.308953265,0.0003,0.0415,0.052,0.0263,-0.008120593,2.5e-05,6.7e-05,0.0329,0.0239,0.001159778,-0.004144305,0.021297,0.020101,0.22877908302565247,-1.5875070453613775,-1.5814602848991577,0.021239445387751712,-1.3616614879733826,-1.4336760844267895
623,-6.04,0.25,2.77,0.68,1.19,0.0,1972.180054,42.25426494,92.07666667,0.330670987,0.0007,0.0404,0.0519,0.0264,-0.009549632,5.83e-05,-0.001416276,0.0012,-0.0067,0.005846996,-0.004144305,-0.060086,-0.062433,-1.4982640292494371,0.006430176972494576,0.8799868904200556,0.19571941760411427,0.4615688640643084,-1.4336760844267895
624,-3.07,-2.79,0.56,1.77,-0.58,0.0,1920.030029,42.51039651,90.66,0.335611955,0.0002,0.0407,0.0534,0.0253,-0.013004196,1.67e-05,-0.001556757,0.0174,0.0133,0.004053479,-0.004144305,-0.024547,-0.026258,-0.8215729944925748,-1.0030633971722913,0.09161033136853947,0.6962014431721015,-0.4348527256875562,-1.4336760844267895
625,7.75,-2.07,-0.46,0.88,0.52,0.0,2079.360107,42.80289346,89.28333333,0.309413628,0.0002,0.0395,0.0534,0.0259,-0.016217008,1.67e-05,-0.000449684,-0.0053,0.002,0.001618901,-0.004144305,0.083449,0.082049,1.6436785193354555,-0.7639728138222104,-0.27225577280908336,0.2875509819285156,0.12224543743507155,-1.4336760844267895
626,0.56,3.31,-0.42,-2.75,-0.99,0.0,2080.409912,43.09539041,87.90666667,0.308429158,0.0012,0.0406,0.0546,0.0265,-0.017818801,0.0001,-0.00211068,-0.0065,0.002,0.001118721,-0.004144305,0.003373,0.000817,0.005493825765812403,1.0225651562103382,-0.2579865138217256,-1.3791919105593686,-0.6424984046696265,-1.4336760844267895
627,-2.17,-2.99,-2.61,0.5,-0.02,0.01,2043.939941,43.38788736,86.53,0.313648814,0.0023,0.0397,0.0546,0.0268,-0.021619648,0.000191667,-0.003417096,-0.0022,0.0,0.002838565,-0.004144305,-0.015247,-0.017076,-0.6165151051723136,-1.0694774481028695,-1.0392284433795629,0.11307100971215304,-0.1512391153705821,-1.395831380101259
628,-5.77,-3.47,2.09,2.82,3.08,0.01,1940.24,43.55057144,86.5,0.33191063,0.0026,0.04,0.0545,0.0236,-0.020272406,0.000216667,0.001653102,0.0476,0.0067,0.004301248,-0.004144305,-0.0491,-0.05025,-1.4367466624533587,-1.2288711703362567,0.6374094876349736,1.1783171558752084,1.418764798884096,-1.395831380101259
629,-0.07,0.88,-0.57,3.25,2.02,0.02,1932.23,43.71325552,86.47,0.330901825,0.0031,0.0396,0.0534,0.0217,-0.024033612,0.000258333,0.000823077,0.0294,0.0232,0.002601507,-0.004144305,-0.001742,-0.004457,-0.13804669675837053,0.21563443740381535,-0.3114962350243172,1.3757550191726713,0.8819247507841094,-1.3579866757757284
630,6.96,1.07,1.19,0.77,-0.08,0.02,2059.74,43.87593959,86.44,0.327954791,0.0029,0.0382,0.0513,0.0218,-0.02300846,0.000241667,0.004306,-0.0003,0.0423,0.001274177,-0.004144305,0.06734,0.065146,1.4636832609321149,0.27872778578786445,0.3163511604194241,0.23704362155009484,-0.1816262879045436,-1.3579866757757284
631,0.91,1.23,3.28,-2.97,1.9,0.01,2065.3,44.07058552,86.6,0.326320889,0.0023,0.0362,0.0479,0.0223,-0.023563352,0.000191667,0.004741068,-0.0053,0.0146,0.000817784,-0.004144305,0.003747,0.002576,0.08523856050146957,0.33185902653232685,1.061919942508867,-1.48020663131621,0.8211504057161862,-1.395831380101259
632,1.78,-0.61,-1.66,-1.09,-2.48,0.01,2096.95,44.26523145,86.76,0.326072119,0.0027,0.0365,0.0468,0.0219,-0.027014439,0.000225,0.004045791,0.0082,0.0016,0.000995577,-0.004144305,0.018487,0.015886,0.2834611868443888,-0.27915024202899086,-0.700333542429816,-0.6169899266668376,-1.397113189263004,-1.395831380101259
633,-0.05,0.45,-1.48,1.4,1.94,0.02,2098.86,44.45987738,86.92,0.323475362,0.0027,0.035,0.0453,0.0179,-0.028639739,0.000225,0.003284366,0.059,0.0377,0.002864437,-0.004144305,0.002675,0.001002,-0.13348985477347583,0.0728442279030726,-0.6361218769867062,0.526313049171959,0.8414085207388273,-1.3579866757757284
634,3.95,2.48,-1.32,1.26,-1.18,0.02,2173.6,44.64848202,87.64333333,0.314661159,0.003,0.0328,0.0422,0.0175,-0.031623689,0.00025,-0.001618136,0.0081,0.0245,0.000477647,-0.004144305,0.036571,0.035324,0.7778785422054634,0.7469468448484394,-0.5790448410372752,0.4620309541448781,-0.7387244510271713,-1.3579866757757284
635,0.49,1.68,3.18,-1.85,-0.34,0.02,2170.95,44.83708666,88.36666667,0.315197425,0.003,0.0332,0.0424,0.0186,-0.030720236,0.00025,0.00091843,-0.014,0.0016,0.000279168,-0.004144305,0.001247,-0.001396,-0.010455121181319044,0.48129064112612735,1.0262467950404728,-0.9659498710995627,-0.31330403555171016,-1.3579866757757284
636,0.25,1.85,-1.24,-2.21,0.03,0.02,2168.27,45.02569131,89.09,0.316793887,0.0029,0.0341,0.0431,0.0196,-0.032544227,0.000241667,0.002403996,-0.0124,-0.0119,0.001673103,-0.004144305,0.000446,-0.001033,-0.0651372250000554,0.5377425844171188,-0.5505063230625596,-1.131246686883485,-0.1259164715922808,-1.3579866757757284
637,-2.02,-4.02,4.09,0.93,0.28,0.02,2126.15,45.25066203,90.91,0.319687781,0.0033,0.0351,0.0438,0.022,-0.028997094,0.000275,0.001246749,-0.0314,-0.0263,0.00036407,-0.004144305,-0.017958,-0.019206,-0.5823387902856033,-1.4115098103953458,1.3508724370028615,0.31050887300961594,0.0006967472992254965,-1.3579866757757284
638,4.86,7.07,8.21,-0.18,3.7,0.01,2198.81,45.47563276,92.73,0.303285786,0.0045,0.0386,0.0471,0.0267,-0.027361118,0.000375,-0.001555461,-0.0599,-0.051,0.000946368,-0.004144305,0.03579,0.033007,0.985214852518172,2.2711493137052052,2.8206061127007107,-0.19915630899081146,1.7327655817350316,-1.395831380101259
639,1.81,0.41,3.53,1.22,-0.23,0.03,2238.83,45.70060349,94.55,0.293479097,0.0051,0.0406,0.0483,0.0272,-0.025011664,0.000425,0.000327321,-0.0057,0.0059,0.000524022,-0.004144305,0.0192,0.017569,0.29029644982173086,0.05956141771695698,1.151102811179853,0.44366464127999783,-0.25759421923944736,-1.320141971450198
640,1.94,-1.46,-2.75,-0.49,-0.99,0.04,2278.870117,45.92787694,96.46333333,0.29197965,0.0051,0.0392,0.0466,0.0278,-0.022561817,0.000425,0.005827728,0.0043,-0.0021,0.000335592,-0.004144305,0.019384,0.018311,0.31991592272354635,-0.5614099584839475,-1.089170849835315,-0.34149523369363355,-0.6424984046696265,-1.2822972671246677
641,3.57,-2.22,-1.67,0.47,-1.83,0.04,2363.639893,46.1551504,98.37666667,0.278677833,0.0052,0.0395,0.0464,0.027,-0.018620769,0.000433333,0.003146117,0.0137,0.0212,0.000223899,-0.004144305,0.039459,0.037052,0.6912985444924641,-0.813783352020144,-0.7039008571766555,0.09929627506349284,-1.0679188201450878,-1.2822972671246677
642,0.17,0.74,-3.35,0.61,-0.94,0.03,2362.719971,46.38242385,100.29,0.281598889,0.0074,0.0401,0.0468,0.0274,-0.016148159,0.000616667,0.000812798,-0.004,-0.0062,0.000575306,-0.004144305,0.001664,5.5e-05,-0.08336459293963416,0.1691446017524107,-1.3032097346456815,0.16357837009057377,-0.6171757608913252,-1.320141971450198
643,1.09,0.48,-2.13,1.9,-1.6,0.05,2384.199951,46.66128904,101.5333333,0.277870026,0.008,0.0387,0.0457,0.0265,-0.015494935,0.000666667,0.002965533,0.0145,0.0176,0.000390542,-0.004144305,0.010591,0.009439,0.12625013836552185,0.08280633554265929,-0.8679973355312697,0.7558919599829623,-0.951434658764902,-1.2444525627991372
644,1.06,-3.06,-3.78,0.95,-1.79,0.06,2411.800049,46.94015423,102.7766667,0.276968767,0.0089,0.0385,0.0455,0.0256,-0.010100081,0.000741667,0.000854722,0.0158,0.0226,0.000503081,-0.004144305,0.014552,0.01192,0.1194148753881798,-1.0927223659285716,-1.456604268759777,0.319692029442056,-1.047660705122447,-1.2066078584736066
645,0.78,2.58,1.48,-2.22,0.0,0.06,2423.409912,47.21901942,104.02,0.272545228,0.0098,0.0368,0.0437,0.0258,-0.009701953,0.000816667,0.000907111,-0.001,0.0108,0.000447563,-0.004144305,0.005798,0.004364,0.055619087599654046,0.7801538703137285,0.4198032880777679,-1.1358382650997052,-0.14111005785926156,-1.2066078584736066
646,1.87,-1.69,-0.31,-0.64,-0.2,0.07,2470.300049,47.53704727,105.04,0.265803679,0.0107,0.037,0.0439,0.0262,-0.013103861,0.000891667,-0.000689923,-0.0027,0.006,0.000258862,-0.004144305,0.020696,0.019162,0.30396697577641496,-0.6377861170541121,-0.21874605160649177,-0.4103689069369345,-0.2424006329724666,-1.1687631541480763
647,0.16,-1.82,-2.09,0.14,-2.38,0.09,2471.649902,47.85507513,106.06,0.265113614,0.0101,0.0363,0.0431,0.0242,-0.012138201,0.000841667,0.002994452,0.0289,0.0153,0.000753374,-0.004144305,0.002238,-0.000324,-0.08564301393208151,-0.6809552501589878,-0.8537280765439119,-0.05222580607176934,-1.3464679017064016,-1.0930737454970154
648,2.51,4.78,3.14,-1.47,1.69,0.09,2519.360107,48.17310298,107.08,0.259706167,0.0103,0.0363,0.043,0.0259,-0.011012011,0.000858333,0.005294906,-0.0205,-0.0037,0.000257243,-0.004144305,0.02005,0.018742,0.4497859192930452,1.5107084305500869,1.011977536053115,-0.7914698988832001,0.714795301847321,-1.0930737454970154
649,2.25,-1.94,0.2,0.93,-3.25,0.09,2575.26001,48.4260751,108.0133333,0.248906199,0.0107,0.036,0.0432,0.0261,-0.012343268,0.000891667,-0.000632042,-0.0013,0.0076,0.000218146,-0.004144305,0.024158,0.023006,0.39054697348941414,-0.7208036807173347,-0.03681299951768036,0.31050887300961594,-1.7870819034488437,-1.0930737454970154
650,3.12,-0.33,-0.03,3.16,-0.05,0.08,2584.840088,48.67904722,108.9466667,0.239727101,0.0123,0.0357,0.0427,0.026,-0.012204846,0.001025,2.43e-05,0.0036,0.002,0.00035533,-0.004144305,0.031389,0.02886,0.5887695998323335,-0.18617057072618168,-0.11886123869498746,1.3344308152266908,-0.16643270163756282,-1.1309184498225457
651,1.06,-1.07,0.06,0.74,1.69,0.09,2673.610107,48.93201934,109.88,0.235393343,0.0132,0.0351,0.0422,0.0254,-0.019899938,0.0011,-0.000587832,0.0102,0.0256,0.000244097,-0.004144305,0.011149,0.009851,0.1194148753881798,-0.43190255916932035,-0.08675540597343252,0.22326888690143465,0.714795301847321,-1.0930737454970154
652,5.57,-3.18,-1.29,-0.76,-0.96,0.12,2823.81,49.28902275,111.7333333,0.222519149,0.0141,0.0355,0.0426,0.0284,-0.019063383,0.001175,0.005447745,-0.0315,-0.0243,0.00077427,-0.004144305,0.05806,0.057018,1.1469827429819337,-1.1325707964869185,-0.5683428967967569,-0.4654678455315754,-0.6273048184026457,-0.9795396325204239
653,-3.65,0.32,-1.04,0.52,-2.37,0.11,2713.83,49.64602617,113.5866667,0.232478066,0.0157,0.0382,0.0451,0.0301,-0.018342443,0.001308333,0.00453469,-0.0224,-0.0313,0.005361628,-0.004144305,-0.037661,-0.039702,-0.9537214120545209,0.029675094798196883,-0.47916002812577085,0.1222541661445932,-1.3414033729507415,-1.0173843368459543
654,-2.35,3.59,-0.21,-0.46,0.01,0.11,2640.87,50.00302959,115.44,0.247353534,0.017,0.0387,0.0464,0.0285,-0.018248648,0.001416667,0.002261126,0.0259,0.0124,0.003246732,-0.004144305,-0.025459,-0.027092,-0.6575266830363659,1.1155448275131474,-0.1830729041380974,-0.32772049904497336,-0.13604552910360132,-1.0173843368459543
655,0.28,0.93,0.54,-2.42,1.3,0.14,2648.05,50.33211644,117.7866667,0.246738916,0.0176,0.0385,0.0467,0.03,-0.01862802,0.001466667,0.003975092,-0.0177,-0.02,0.002362681,-0.004144305,0.00377,0.002656,-0.05830196202271334,0.23223795013645987,0.08447570187486059,-1.2276698294241064,0.5172786803765712,-0.9038502238693629
656,2.65,4.73,-3.2,-2.04,-1.5,0.14,2705.27,50.6612033,120.1333333,0.244185309,0.0186,0.04,0.0483,0.0289,-0.018956646,0.00155,0.004158917,0.0164,0.014,0.000922724,-0.004144305,0.0238,0.021317,0.4816838131873081,1.4941049178174424,-1.2497000134430898,-1.0531898572077438,-0.9007893712082994,-0.9038502238693629
657,0.48,0.8,-2.34,0.79,0.24,0.14,2718.37,50.99029015,122.48,0.245638363,0.019,0.0396,0.0483,0.0291,-0.022127494,0.001583333,0.001593876,0.0007,-0.0124,0.000622858,-0.004144305,0.00684,0.005507,-0.012733542173766394,0.18906881703158412,-0.9429109452148979,0.24622677798253498,-0.01956136772341553,-0.9038502238693629
658,3.19,-1.93,0.47,1.56,0.35,0.16,2816.29,51.43985861,125.1166667,0.234583705,0.0196,0.0387,0.0479,0.0302,-0.017118897,0.001633333,6.75e-05,-0.0131,0.0101,0.000654423,-0.004144305,0.037144,0.03597,0.6047185467794648,-0.7174829781708058,0.05950449864698449,0.5997783006314801,0.036148448588847235,-0.828160815218302
659,3.44,0.64,-3.94,-0.31,-2.7,0.16,2901.52,51.88942707,127.7533333,0.229617977,0.0203,0.0388,0.0477,0.0293,-0.021495385,0.001691667,0.000555542,0.0152,0.0058,0.000471241,-0.004144305,0.032938,0.030647,0.6616790715906485,0.13593757628712172,-1.5136813047092084,-0.25884682580167234,-1.5085328218875298,-0.828160815218302
660,0.06,-2.48,-1.7,0.63,1.29,0.15,2913.98,52.33899552,130.39,0.225335232,0.0213,0.0398,0.0488,0.0334,-0.020856441,0.001775,0.001162025,-0.0518,-0.012,0.000230075,-0.004144305,0.005138,0.003758,-0.108427223856555,-0.9001216182298953,-0.7146028014171739,0.1727615265230139,0.512214151620911,-0.8660055195438324
661,-7.68,-4.46,3.4,0.94,3.59,0.19,2711.74,52.80872304,131.0566667,0.237380411,0.0225,0.0414,0.0507,0.0352,-0.02120595,0.001875,0.001766763,-0.0204,-0.0323,0.004577565,-0.004144305,-0.068409,-0.069492,-1.8719250720108023,-1.5576207224426175,1.1047277194709402,0.3151004512258359,1.6770557654227687,-0.7146267022417105
662,1.69,-0.77,0.3,-0.55,0.39,0.18,2760.17,53.27845056,131.7233333,0.233451407,0.0233,0.0422,0.0522,0.0317,-0.024576657,0.001941667,-0.003349349,0.0505,0.0071,0.002837615,-0.004144305,0.019752,0.017259,0.26295539791236267,-0.3322814827734533,-0.0011398520492859774,-0.369044702990954,0.05640656361148826,-0.7524714065672411
663,-9.57,-2.88,-1.84,-0.02,0.21,0.2,2506.85,53.74817808,132.39,0.255578165,0.0237,0.0402,0.0513,0.0284,-0.019200452,0.001975,-0.003193963,0.0481,0.037,0.006793079,-0.004144305,-0.090646,-0.092188,-2.302546639583351,-1.0329497200910513,-0.7645452078729261,-0.12569105753129042,-0.034754953990396284,-0.6767819979161801
664,8.4,3.03,-0.46,-0.8,-1.51,0.21,2704.100098,54.14442321,133.0566667,0.238482726,0.0237,0.0393,0.0512,0.0271,-0.019280227,0.001975,0.001906597,0.008,0.0277,0.003011406,-0.004144305,0.081409,0.080024,1.791775883844533,0.9295854849075289,-0.27225577280908336,-0.48383415839645566,-0.9058538999639596,-0.6389372935906497
665,3.4,1.74,-2.67,0.12,-1.59,0.18,2784.48999,54.54066833,133.7233333,0.230050526,0.0239,0.0379,0.0495,0.0268,-0.023121063,0.001991667,0.004227053,-0.0091,-0.0074,0.000532392,-0.004144305,0.031708,0.029398,0.6525653876208591,0.5012148564053007,-1.0606323318605995,-0.061408962504209484,-0.9463701300092416,-0.7524714065672411
666,1.1,-3.51,-4.17,0.9,-0.95,0.19,2834.399902,54.93691345,134.39,0.242271528,0.024,0.0377,0.0484,0.0257,-0.023200971,0.002,0.005641358,0.0447,0.0485,0.001107098,-0.004144305,0.019531,0.018007,0.1285285593579692,-1.242153980522372,-1.5957295438865156,0.29673413836095575,-0.6222402896469855,-0.7146267022417105
667,3.97,-1.17,2.15,1.61,-2.22,0.21,2945.830078,55.31703388,134.6833333,0.236220136,0.0238,0.0369,0.047,0.0253,-0.021720247,0.001983333,0.005295002,-0.0126,-0.0089,0.000374425,-0.004144305,0.040629,0.039469,0.7824353841903581,-0.46510958463460933,0.6588133761160103,0.6227361917125804,-1.2654354416158375,-0.6389372935906497
668,-6.94,-1.59,-2.37,-0.46,1.77,0.21,2752.060059,55.69715431,134.9766667,0.253144105,0.0235,0.0367,0.0463,0.024,-0.020400479,0.001958333,0.002128759,0.053,0.0376,0.001831632,-0.004144305,-0.063187,-0.065503,-1.7033219185696986,-0.6045790915888232,-0.9536128894554163,-0.32772049904497336,0.755311531892603,-0.6389372935906497
669,6.93,0.37,-0.71,0.9,-0.44,0.18,2941.76001,56.07727474,135.27,0.236157522,0.0217,0.0342,0.0446,0.0207,-0.012648531,0.001808333,0.000199147,0.0104,0.0337,0.001064786,-0.004144305,0.069561,0.068056,1.4568479979547728,0.046278607530841384,-0.3614386414800693,0.29673413836095575,-0.36394932310831263,-0.7524714065672411
670,1.19,-1.78,0.48,-0.08,0.36,0.19,2980.379883,56.45801879,134.48,0.233834046,0.021,0.0329,0.0428,0.0206,-0.012702509,0.00175,0.001670942,0.0024,0.0084,0.000593549,-0.004144305,0.014603,0.013367,0.1490343482899953,-0.6676724399728723,0.06307181339382394,-0.15324052682861083,0.04121297734450749,-0.7146267022417105
671,-2.58,-3.24,-4.78,0.56,-0.68,0.16,2926.459961,56.83876284,133.69,0.237916691,0.0195,0.0298,0.0387,0.0163,-0.010244036,0.001625,-5.07e-05,0.0797,0.0738,0.004317874,-0.004144305,-0.016085,-0.018377,-0.7099303658626548,-1.152495011766092,-1.8133357434437214,0.14062047900947347,-0.48549801324415875,-0.828160815218302
672,1.43,0.27,6.75,1.84,3.37,0.18,2976.73999,57.21950689,132.9,0.233377438,0.0189,0.0303,0.0391,0.017,-0.010958735,0.001575,0.000783449,-0.0192,-0.019,0.000605437,-0.004144305,0.018791,0.017272,0.20371645210873163,0.013071582065552383,2.2997781596621523,0.7283424906856419,1.5656361327982433,-0.7524714065672411
673,2.06,0.26,-1.91,0.44,-0.96,0.16,3037.560059,57.55987878,135.09,0.232260864,0.0165,0.0301,0.0392,0.0171,-0.013266602,0.001375,0.002286191,-0.0052,0.0006,0.001510319,-0.004144305,0.021621,0.020441,0.34725697463291455,0.00975087951902348,-0.7895164111008022,0.08552154041483265,-0.6273048184026457,-0.828160815218302
674,3.87,0.44,-2.02,-1.59,-1.24,0.12,3140.97998,57.90025067,137.28,0.223938148,0.0154,0.0306,0.0394,0.0181,-0.007906874,0.001283333,-0.000536243,-0.0059,0.0014,0.000306342,-0.004144305,0.036206,0.033979,0.7596511742658846,0.06952352535654369,-0.8287568733160359,-0.846568837477841,-0.7691116235611328,-0.9795396325204239
